age,job,marital,education,default,balance,housing,loan,contact,day,month,duration,campaign,pdays,previous,poutcome,y
28,management,single,tertiary,no,447,yes,yes,unknown,5,may,217,1,-1,0,unknown,no
60,retired,married,primary,no,60,yes,no,unknown,5,may,219,1,-1,0,unknown,no
41,services,married,secondary,no,0,yes,no,unknown,5,may,114,2,-1,0,unknown,no
52,blue-collar,married,secondary,no,782,yes,no,unknown,5,may,93,3,-1,0,unknown,no
55,management,married,tertiary,no,73,yes,no,unknown,5,may,142,2,-1,0,unknown,no
61,blue-collar,divorced,primary,no,1428,yes,no,unknown,5,may,82,2,-1,0,unknown,no
28,blue-collar,married,primary,no,324,yes,no,unknown,5,may,175,1,-1,0,unknown,no
48,blue-collar,married,secondary,no,1,no,no,unknown,5,may,669,3,-1,0,unknown,no
34,management,married,tertiary,no,46,yes,no,unknown,5,may,39,4,-1,0,unknown,no
40,blue-collar,married,secondary,no,211,yes,no,unknown,5,may,216,4,-1,0,unknown,no
48,technician,married,secondary,no,141,yes,yes,unknown,6,may,424,1,-1,0,unknown,no
36,entrepreneur,married,tertiary,no,1169,yes,no,unknown,6,may,168,2,-1,0,unknown,no
39,blue-collar,married,secondary,no,0,yes,no,unknown,6,may,262,1,-1,0,unknown,no
54,services,married,secondary,yes,0,yes,no,unknown,6,may,138,3,-1,0,unknown,no
38,blue-collar,married,secondary,no,384,yes,no,unknown,6,may,1906,3,-1,0,unknown,no
40,blue-collar,married,primary,yes,0,yes,no,unknown,6,may,64,2,-1,0,unknown,no
40,blue-collar,divorced,primary,no,369,no,no,unknown,6,may,79,2,-1,0,unknown,no
55,technician,married,secondary,no,0,no,no,unknown,6,may,160,3,-1,0,unknown,no
55,technician,single,tertiary,no,92,yes,no,unknown,7,may,118,3,-1,0,unknown,no
37,services,single,secondary,no,-196,yes,no,unknown,7,may,207,1,-1,0,unknown,no
37,admin.,single,secondary,no,245,yes,yes,unknown,7,may,732,2,-1,0,unknown,yes
36,services,single,secondary,no,342,yes,no,unknown,7,may,142,1,-1,0,unknown,no
38,admin.,married,secondary,no,8,yes,no,unknown,7,may,125,1,-1,0,unknown,no
32,services,married,secondary,no,0,yes,yes,unknown,7,may,255,2,-1,0,unknown,no
28,blue-collar,married,secondary,no,225,yes,yes,unknown,7,may,866,2,-1,0,unknown,no
43,blue-collar,married,secondary,no,667,yes,no,unknown,7,may,228,3,-1,0,unknown,no
44,blue-collar,single,unknown,no,2167,yes,no,unknown,7,may,1273,1,-1,0,unknown,no
59,retired,married,unknown,no,0,no,no,unknown,8,may,425,6,-1,0,unknown,no
56,management,divorced,tertiary,no,177,yes,no,unknown,8,may,1040,1,-1,0,unknown,no
37,technician,single,unknown,no,391,yes,no,unknown,8,may,103,3,-1,0,unknown,no
26,blue-collar,married,secondary,no,2770,yes,no,unknown,8,may,141,1,-1,0,unknown,no
54,services,married,secondary,no,841,yes,no,unknown,8,may,284,4,-1,0,unknown,no
42,admin.,married,secondary,no,323,yes,yes,unknown,8,may,280,2,-1,0,unknown,no
28,admin.,divorced,secondary,no,785,yes,no,unknown,8,may,442,2,-1,0,unknown,yes
30,services,married,secondary,no,80,yes,no,unknown,8,may,185,2,-1,0,unknown,no
27,technician,single,secondary,no,584,yes,no,unknown,8,may,192,2,-1,0,unknown,no
31,blue-collar,married,secondary,no,-13,yes,no,unknown,9,may,260,3,-1,0,unknown,no
41,blue-collar,married,primary,no,406,yes,no,unknown,9,may,2462,1,-1,0,unknown,no
29,blue-collar,married,primary,yes,-43,yes,no,unknown,9,may,484,1,-1,0,unknown,no
30,blue-collar,married,secondary,no,-2,yes,no,unknown,9,may,136,2,-1,0,unknown,no
23,student,single,secondary,no,318,yes,no,unknown,9,may,545,2,-1,0,unknown,no
27,admin.,single,secondary,no,662,yes,no,unknown,9,may,544,1,-1,0,unknown,no
39,management,married,tertiary,no,183,yes,no,unknown,9,may,324,2,-1,0,unknown,no
29,services,single,secondary,no,262,yes,no,unknown,9,may,134,1,-1,0,unknown,no
26,blue-collar,single,secondary,no,82,yes,no,unknown,9,may,654,1,-1,0,unknown,yes
30,services,married,secondary,no,0,yes,no,unknown,9,may,20,1,-1,0,unknown,no
25,admin.,single,secondary,no,61,yes,no,unknown,9,may,345,9,-1,0,unknown,no
29,admin.,single,secondary,no,356,yes,no,unknown,9,may,106,1,-1,0,unknown,no
34,entrepreneur,divorced,tertiary,no,338,yes,no,unknown,9,may,162,2,-1,0,unknown,no
54,management,married,tertiary,no,154,no,no,unknown,9,may,155,3,-1,0,unknown,no
48,blue-collar,married,primary,no,418,yes,no,unknown,9,may,102,3,-1,0,unknown,no
31,management,married,tertiary,no,713,yes,no,unknown,9,may,1534,2,-1,0,unknown,no
49,management,divorced,tertiary,yes,0,yes,no,unknown,12,may,345,2,-1,0,unknown,no
45,admin.,married,secondary,no,171,yes,no,unknown,12,may,539,1,-1,0,unknown,no
59,retired,married,secondary,no,434,yes,no,unknown,12,may,63,3,-1,0,unknown,no
29,blue-collar,married,secondary,no,-28,yes,no,unknown,12,may,393,1,-1,0,unknown,no
43,blue-collar,married,primary,no,0,yes,no,unknown,12,may,3,1,-1,0,unknown,no
32,blue-collar,married,primary,no,1064,yes,no,unknown,12,may,326,1,-1,0,unknown,no
25,technician,single,secondary,no,276,yes,no,unknown,12,may,268,4,-1,0,unknown,no
42,management,married,secondary,no,-189,yes,no,unknown,12,may,247,2,-1,0,unknown,no
23,student,single,tertiary,no,250,yes,no,unknown,12,may,166,2,-1,0,unknown,no
46,blue-collar,married,primary,no,633,yes,no,unknown,12,may,236,10,-1,0,unknown,no
33,self-employed,married,primary,no,1862,yes,no,unknown,12,may,65,1,-1,0,unknown,no
31,admin.,single,secondary,no,98,yes,yes,unknown,12,may,159,3,-1,0,unknown,no
25,blue-collar,single,primary,no,17,yes,no,unknown,13,may,97,2,-1,0,unknown,no
34,admin.,married,secondary,no,3185,yes,no,unknown,13,may,520,1,-1,0,unknown,no
31,blue-collar,married,secondary,no,2577,yes,no,unknown,13,may,611,2,-1,0,unknown,no
45,services,married,secondary,no,-3,yes,no,unknown,13,may,213,1,-1,0,unknown,no
26,services,married,secondary,no,54,yes,no,unknown,13,may,116,1,-1,0,unknown,no
30,technician,single,secondary,no,-208,yes,yes,unknown,13,may,108,1,-1,0,unknown,no
21,blue-collar,single,secondary,no,614,yes,no,unknown,13,may,243,3,-1,0,unknown,no
26,technician,married,tertiary,no,3825,yes,no,unknown,13,may,107,1,-1,0,unknown,no
45,blue-collar,married,secondary,no,4646,yes,no,unknown,13,may,118,1,-1,0,unknown,no
44,technician,divorced,secondary,no,181,no,no,unknown,13,may,302,1,-1,0,unknown,no
42,management,married,tertiary,no,1823,yes,no,unknown,13,may,31,1,-1,0,unknown,no
53,retired,single,secondary,no,1421,yes,no,unknown,13,may,225,2,-1,0,unknown,no
35,services,married,secondary,no,-371,yes,no,unknown,13,may,358,2,-1,0,unknown,no
49,self-employed,married,secondary,no,358,yes,yes,unknown,13,may,176,3,-1,0,unknown,no
31,admin.,single,secondary,no,513,yes,no,unknown,13,may,180,1,-1,0,unknown,no
52,technician,divorced,secondary,no,1161,yes,no,unknown,13,may,271,1,-1,0,unknown,no
44,technician,married,primary,no,2887,yes,no,unknown,13,may,182,1,-1,0,unknown,no
52,admin.,divorced,secondary,no,26,yes,no,unknown,13,may,215,1,-1,0,unknown,no
33,blue-collar,married,secondary,no,152,yes,no,unknown,13,may,351,2,-1,0,unknown,no
38,blue-collar,married,unknown,no,113,no,no,unknown,13,may,25,10,-1,0,unknown,no
57,technician,divorced,secondary,no,0,yes,no,unknown,14,may,360,2,-1,0,unknown,no
39,entrepreneur,married,secondary,no,580,yes,no,unknown,14,may,323,4,-1,0,unknown,no
44,entrepreneur,married,secondary,no,0,no,no,unknown,14,may,211,2,-1,0,unknown,no
40,blue-collar,married,secondary,no,-31,yes,no,unknown,14,may,117,4,-1,0,unknown,no
31,admin.,married,secondary,no,752,yes,no,unknown,14,may,178,1,-1,0,unknown,no
51,management,divorced,tertiary,no,482,yes,no,unknown,14,may,178,1,-1,0,unknown,no
54,management,married,tertiary,no,11,no,no,unknown,14,may,452,2,-1,0,unknown,no
42,self-employed,married,primary,no,3641,yes,no,unknown,14,may,869,1,-1,0,unknown,no
34,unemployed,single,secondary,no,9,yes,no,unknown,14,may,153,2,-1,0,unknown,no
49,blue-collar,married,primary,no,0,yes,no,unknown,14,may,151,2,-1,0,unknown,no
44,blue-collar,married,primary,no,0,yes,no,unknown,14,may,220,7,-1,0,unknown,no
51,blue-collar,married,primary,no,111,yes,no,unknown,14,may,140,1,-1,0,unknown,no
28,blue-collar,married,primary,no,0,no,no,unknown,14,may,17,24,-1,0,unknown,no
36,blue-collar,married,secondary,no,0,no,no,unknown,14,may,636,6,-1,0,unknown,no
52,technician,married,secondary,no,598,no,no,unknown,14,may,266,2,-1,0,unknown,no
46,services,married,secondary,no,74,yes,no,unknown,15,may,101,4,-1,0,unknown,no
51,retired,married,secondary,no,0,no,no,unknown,15,may,70,1,-1,0,unknown,no
50,technician,married,secondary,no,892,yes,yes,unknown,15,may,234,1,-1,0,unknown,no
41,blue-collar,married,primary,no,849,yes,no,unknown,15,may,72,1,-1,0,unknown,no
29,blue-collar,single,secondary,no,874,yes,no,unknown,15,may,68,5,-1,0,unknown,no
56,management,married,tertiary,no,334,yes,no,unknown,15,may,127,2,-1,0,unknown,no
57,services,married,secondary,no,84,yes,no,unknown,15,may,59,1,-1,0,unknown,no
46,blue-collar,married,secondary,no,536,yes,no,unknown,15,may,164,2,-1,0,unknown,no
55,management,married,unknown,yes,-171,yes,no,unknown,15,may,30,2,-1,0,unknown,no
56,housemaid,divorced,secondary,no,0,no,no,unknown,15,may,103,1,-1,0,unknown,no
36,blue-collar,single,secondary,no,1392,yes,no,unknown,15,may,205,2,-1,0,unknown,no
34,blue-collar,married,unknown,no,-17,yes,no,unknown,15,may,319,7,-1,0,unknown,no
46,technician,divorced,secondary,no,435,yes,no,unknown,15,may,192,3,-1,0,unknown,no
49,technician,married,secondary,no,3033,no,no,unknown,15,may,125,5,-1,0,unknown,no
31,blue-collar,married,secondary,no,-720,yes,yes,unknown,15,may,112,2,-1,0,unknown,no
31,management,single,tertiary,no,635,yes,no,unknown,15,may,293,2,-1,0,unknown,no
36,services,single,unknown,no,281,yes,no,unknown,16,may,515,1,-1,0,unknown,yes
43,blue-collar,married,secondary,no,19,yes,no,unknown,16,may,249,1,-1,0,unknown,no
46,management,married,secondary,no,36,yes,no,unknown,16,may,250,1,-1,0,unknown,no
36,technician,single,tertiary,no,705,yes,no,unknown,16,may,111,1,-1,0,unknown,no
30,technician,single,secondary,no,677,yes,no,unknown,16,may,241,1,-1,0,unknown,no
25,blue-collar,married,secondary,no,109,yes,no,unknown,16,may,306,1,-1,0,unknown,no
35,technician,married,secondary,no,523,yes,yes,unknown,16,may,95,1,-1,0,unknown,no
24,blue-collar,married,primary,no,656,yes,no,unknown,16,may,894,1,-1,0,unknown,yes
47,blue-collar,married,unknown,no,584,yes,no,unknown,19,may,79,19,-1,0,unknown,no
55,blue-collar,married,secondary,no,1261,no,no,unknown,19,may,166,1,-1,0,unknown,no
54,blue-collar,divorced,primary,no,8180,no,no,unknown,19,may,312,1,-1,0,unknown,no
38,services,single,tertiary,no,323,yes,no,unknown,19,may,138,1,-1,0,unknown,no
35,blue-collar,single,secondary,no,5,no,no,unknown,19,may,268,3,-1,0,unknown,no
31,blue-collar,single,secondary,no,259,yes,no,unknown,19,may,287,1,-1,0,unknown,no
32,services,married,secondary,no,144,yes,no,unknown,19,may,260,11,-1,0,unknown,no
51,management,single,tertiary,no,824,no,no,unknown,19,may,102,2,-1,0,unknown,no
42,blue-collar,married,unknown,no,1323,yes,no,unknown,19,may,19,1,-1,0,unknown,no
35,technician,married,unknown,no,208,yes,no,unknown,19,may,214,1,-1,0,unknown,no
47,technician,divorced,secondary,no,1851,yes,no,unknown,19,may,140,2,-1,0,unknown,no
22,blue-collar,single,secondary,no,3992,yes,yes,unknown,19,may,194,2,-1,0,unknown,no
54,technician,divorced,secondary,no,7449,yes,no,unknown,19,may,235,7,-1,0,unknown,no
48,blue-collar,married,primary,no,490,yes,no,unknown,19,may,622,2,-1,0,unknown,no
39,admin.,married,secondary,no,6421,no,yes,unknown,20,may,661,1,-1,0,unknown,no
39,blue-collar,married,secondary,no,298,yes,no,unknown,20,may,216,1,-1,0,unknown,no
31,management,married,tertiary,no,827,no,no,unknown,20,may,38,1,-1,0,unknown,no
33,blue-collar,married,tertiary,no,6138,yes,no,unknown,20,may,369,1,-1,0,unknown,no
39,self-employed,married,tertiary,no,3059,yes,yes,unknown,20,may,394,1,-1,0,unknown,no
35,admin.,married,secondary,no,-130,yes,no,unknown,20,may,224,1,-1,0,unknown,no
33,services,married,secondary,no,7,yes,no,unknown,20,may,217,1,-1,0,unknown,no
30,blue-collar,married,secondary,no,673,yes,no,unknown,20,may,610,2,-1,0,unknown,no
59,retired,married,secondary,no,-313,yes,no,unknown,20,may,407,1,-1,0,unknown,no
32,admin.,married,secondary,no,0,yes,no,unknown,20,may,464,2,-1,0,unknown,no
32,management,single,tertiary,no,1271,yes,no,unknown,20,may,51,1,-1,0,unknown,no
34,management,married,tertiary,no,0,yes,no,unknown,20,may,150,1,-1,0,unknown,no
31,student,single,tertiary,no,410,yes,no,unknown,20,may,112,2,-1,0,unknown,no
32,blue-collar,married,secondary,no,2366,yes,no,unknown,20,may,127,2,-1,0,unknown,no
39,blue-collar,married,primary,no,622,yes,no,unknown,20,may,169,1,-1,0,unknown,no
55,self-employed,married,secondary,no,-196,yes,no,unknown,20,may,210,2,-1,0,unknown,no
36,blue-collar,married,primary,no,408,yes,yes,unknown,20,may,1063,2,-1,0,unknown,yes
45,blue-collar,married,primary,no,4170,yes,yes,unknown,20,may,114,3,-1,0,unknown,no
40,management,single,primary,no,858,yes,no,unknown,21,may,173,1,-1,0,unknown,no
34,blue-collar,married,primary,no,-167,yes,no,unknown,21,may,201,1,-1,0,unknown,no
36,student,single,tertiary,no,687,yes,no,unknown,21,may,287,3,-1,0,unknown,no
34,blue-collar,single,secondary,no,3773,yes,no,unknown,21,may,287,1,-1,0,unknown,no
37,technician,single,secondary,no,1211,yes,no,unknown,21,may,795,1,-1,0,unknown,yes
36,management,single,tertiary,no,1869,yes,no,unknown,21,may,122,2,-1,0,unknown,no
34,services,single,secondary,no,581,yes,no,unknown,21,may,176,4,-1,0,unknown,no
35,blue-collar,married,primary,no,1176,yes,no,unknown,21,may,166,2,-1,0,unknown,no
34,management,married,secondary,no,293,yes,no,unknown,21,may,162,3,-1,0,unknown,no
32,admin.,divorced,secondary,no,335,yes,no,unknown,21,may,501,2,-1,0,unknown,no
27,admin.,single,secondary,no,392,yes,yes,unknown,21,may,292,2,-1,0,unknown,no
32,technician,single,secondary,no,644,yes,yes,unknown,21,may,198,1,-1,0,unknown,no
33,blue-collar,married,primary,no,240,yes,no,unknown,21,may,373,3,-1,0,unknown,no
31,management,married,tertiary,no,4924,yes,no,unknown,21,may,389,2,-1,0,unknown,no
32,blue-collar,married,secondary,no,43,yes,no,unknown,21,may,173,2,-1,0,unknown,no
31,housemaid,single,secondary,no,540,no,no,unknown,21,may,227,3,-1,0,unknown,no
31,blue-collar,married,secondary,no,873,yes,no,unknown,23,may,145,4,-1,0,unknown,no
32,management,single,tertiary,no,3050,yes,no,unknown,23,may,298,1,-1,0,unknown,no
31,entrepreneur,single,secondary,no,159,yes,no,unknown,23,may,533,1,-1,0,unknown,no
32,technician,single,tertiary,no,390,yes,no,unknown,23,may,85,1,-1,0,unknown,no
34,housemaid,single,secondary,no,1408,yes,no,unknown,23,may,245,1,-1,0,unknown,no
39,unemployed,married,secondary,no,-455,yes,no,unknown,23,may,542,2,-1,0,unknown,no
30,technician,married,secondary,no,0,yes,no,unknown,23,may,541,2,-1,0,unknown,no
44,admin.,married,unknown,no,-299,yes,no,unknown,23,may,268,1,-1,0,unknown,no
30,management,single,tertiary,no,6,yes,no,unknown,23,may,274,2,-1,0,unknown,no
43,blue-collar,married,secondary,no,-141,yes,yes,unknown,23,may,128,1,-1,0,unknown,no
35,technician,married,secondary,no,0,yes,yes,unknown,23,may,107,2,-1,0,unknown,no
32,technician,married,tertiary,no,415,no,no,unknown,23,may,76,2,-1,0,unknown,no
58,blue-collar,married,unknown,no,5505,yes,no,unknown,23,may,317,4,-1,0,unknown,no
35,blue-collar,married,primary,no,-239,yes,no,unknown,26,may,281,1,-1,0,unknown,no
35,blue-collar,divorced,primary,no,-587,yes,no,unknown,26,may,111,1,-1,0,unknown,no
32,admin.,married,secondary,no,86,yes,no,unknown,26,may,1099,1,-1,0,unknown,no
46,blue-collar,married,secondary,no,0,yes,no,unknown,26,may,208,2,-1,0,unknown,no
37,services,married,secondary,no,3429,yes,yes,unknown,26,may,81,8,-1,0,unknown,no
33,management,single,secondary,no,-424,yes,no,unknown,26,may,863,1,-1,0,unknown,no
39,blue-collar,married,primary,no,519,yes,yes,unknown,26,may,117,1,-1,0,unknown,no
49,technician,divorced,secondary,no,-236,yes,no,unknown,26,may,204,2,-1,0,unknown,no
33,blue-collar,married,secondary,no,-45,yes,no,unknown,26,may,240,2,-1,0,unknown,no
45,blue-collar,divorced,secondary,no,77,yes,no,unknown,26,may,99,3,-1,0,unknown,no
31,services,married,secondary,no,-68,yes,no,unknown,26,may,293,4,-1,0,unknown,no
32,technician,married,secondary,no,-91,yes,no,unknown,26,may,95,2,-1,0,unknown,no
33,blue-collar,married,primary,no,1050,yes,no,unknown,26,may,304,4,-1,0,unknown,no
26,blue-collar,single,secondary,no,339,yes,no,unknown,26,may,165,5,-1,0,unknown,no
53,management,married,primary,no,-421,yes,no,unknown,26,may,543,4,-1,0,unknown,no
50,blue-collar,married,secondary,no,74,yes,yes,unknown,27,may,146,1,-1,0,unknown,no
49,technician,married,secondary,no,-849,yes,yes,unknown,27,may,197,1,-1,0,unknown,no
32,blue-collar,married,secondary,no,-1500,yes,no,unknown,27,may,157,2,-1,0,unknown,no
37,services,married,secondary,no,-24,yes,no,unknown,27,may,147,1,-1,0,unknown,no
28,management,single,tertiary,no,0,yes,no,unknown,27,may,290,1,-1,0,unknown,no
50,management,married,secondary,no,-44,yes,no,unknown,27,may,45,1,-1,0,unknown,no
29,admin.,single,tertiary,no,2904,yes,no,unknown,27,may,33,1,-1,0,unknown,no
32,admin.,married,secondary,no,-370,yes,no,unknown,27,may,98,1,-1,0,unknown,no
60,technician,married,tertiary,no,1626,yes,yes,unknown,27,may,395,2,-1,0,unknown,no
47,technician,married,tertiary,no,-512,yes,yes,unknown,27,may,220,2,-1,0,unknown,no
30,blue-collar,single,secondary,no,49,no,yes,unknown,27,may,210,2,-1,0,unknown,no
41,services,married,secondary,no,1141,yes,no,unknown,27,may,228,1,-1,0,unknown,no
28,blue-collar,married,secondary,no,0,yes,no,unknown,27,may,548,1,-1,0,unknown,no
28,management,married,tertiary,no,13186,yes,no,unknown,27,may,466,2,-1,0,unknown,no
28,blue-collar,single,unknown,no,913,yes,no,unknown,27,may,580,2,-1,0,unknown,no
34,blue-collar,married,secondary,no,1412,yes,yes,unknown,27,may,157,2,-1,0,unknown,no
48,management,single,secondary,no,61,yes,no,unknown,28,may,198,1,-1,0,unknown,no
26,blue-collar,single,secondary,no,535,yes,yes,unknown,28,may,252,1,-1,0,unknown,no
24,services,single,secondary,no,1611,yes,no,unknown,28,may,418,1,-1,0,unknown,no
25,blue-collar,single,secondary,no,1966,yes,no,unknown,28,may,209,1,-1,0,unknown,no
28,blue-collar,single,secondary,no,1,no,no,unknown,28,may,181,1,-1,0,unknown,no
31,technician,single,primary,no,449,yes,no,unknown,28,may,174,1,-1,0,unknown,no
27,technician,married,unknown,no,811,yes,no,unknown,28,may,591,2,-1,0,unknown,no
39,unemployed,single,secondary,no,-53,yes,no,unknown,28,may,189,3,-1,0,unknown,no
29,admin.,married,tertiary,no,26,yes,no,unknown,28,may,45,1,-1,0,unknown,no
47,management,married,secondary,no,490,yes,no,unknown,28,may,227,1,-1,0,unknown,no
29,technician,single,secondary,no,22008,yes,no,unknown,28,may,139,2,-1,0,unknown,no
44,blue-collar,married,secondary,no,-73,yes,no,unknown,28,may,80,9,-1,0,unknown,no
36,blue-collar,single,secondary,no,3254,yes,no,unknown,28,may,300,3,-1,0,unknown,no
54,retired,married,secondary,no,24,yes,no,unknown,28,may,404,1,-1,0,unknown,no
35,self-employed,single,tertiary,no,935,yes,no,unknown,28,may,259,2,-1,0,unknown,no
32,admin.,single,secondary,no,73,yes,no,unknown,28,may,545,1,-1,0,unknown,no
33,blue-collar,married,primary,no,-342,yes,no,unknown,28,may,528,2,-1,0,unknown,no
51,blue-collar,married,primary,no,-1,no,no,unknown,28,may,110,8,-1,0,unknown,no
47,technician,married,unknown,no,-598,yes,no,unknown,28,may,239,4,-1,0,unknown,no
51,entrepreneur,married,unknown,no,606,yes,no,unknown,28,may,560,9,-1,0,unknown,yes
37,management,single,secondary,no,34,yes,no,unknown,29,may,285,1,-1,0,unknown,no
52,technician,single,tertiary,no,1308,yes,no,unknown,29,may,361,1,-1,0,unknown,no
40,services,married,secondary,no,1938,no,no,unknown,29,may,37,1,-1,0,unknown,no
54,technician,married,secondary,no,-939,yes,no,unknown,29,may,202,1,-1,0,unknown,no
36,blue-collar,married,secondary,no,722,yes,no,unknown,29,may,103,7,-1,0,unknown,no
44,blue-collar,married,secondary,no,2523,yes,no,unknown,29,may,1236,2,-1,0,unknown,no
33,technician,married,secondary,no,1072,no,yes,unknown,29,may,144,2,-1,0,unknown,no
44,technician,married,secondary,no,13761,yes,no,unknown,29,may,65,1,-1,0,unknown,no
47,unemployed,married,secondary,no,351,yes,yes,unknown,29,may,370,1,-1,0,unknown,no
43,self-employed,married,unknown,no,6,yes,no,unknown,29,may,365,2,-1,0,unknown,no
48,blue-collar,married,unknown,no,100,yes,no,unknown,29,may,206,1,-1,0,unknown,no
23,technician,married,secondary,no,8254,yes,no,unknown,29,may,409,3,-1,0,unknown,no
58,blue-collar,married,primary,no,0,yes,no,unknown,29,may,535,2,-1,0,unknown,no
52,blue-collar,married,secondary,no,691,yes,no,unknown,29,may,158,1,-1,0,unknown,no
37,blue-collar,married,secondary,no,1731,yes,yes,unknown,29,may,148,4,-1,0,unknown,no
40,blue-collar,married,secondary,no,0,yes,yes,unknown,29,may,245,3,-1,0,unknown,no
35,admin.,divorced,secondary,no,869,yes,no,unknown,29,may,173,1,-1,0,unknown,no
55,management,married,tertiary,no,856,yes,yes,unknown,29,may,101,4,-1,0,unknown,no
43,management,married,tertiary,yes,-3372,yes,no,unknown,29,may,386,2,-1,0,unknown,no
52,unemployed,married,secondary,no,32,yes,no,unknown,29,may,144,5,-1,0,unknown,no
31,admin.,single,secondary,no,0,yes,yes,unknown,29,may,183,3,-1,0,unknown,no
53,blue-collar,married,secondary,no,1852,yes,no,unknown,29,may,134,4,-1,0,unknown,no
34,services,married,secondary,no,457,yes,no,unknown,30,may,67,2,-1,0,unknown,no
46,management,divorced,tertiary,no,14481,yes,no,unknown,30,may,1269,1,-1,0,unknown,yes
40,management,single,tertiary,no,-199,yes,yes,unknown,30,may,109,1,-1,0,unknown,no
35,blue-collar,married,secondary,no,698,yes,yes,unknown,30,may,1343,3,-1,0,unknown,yes
46,blue-collar,married,primary,no,-287,yes,no,unknown,30,may,113,3,-1,0,unknown,no
55,admin.,married,secondary,no,139,yes,no,unknown,30,may,26,25,-1,0,unknown,no
52,management,divorced,tertiary,no,12,yes,no,unknown,30,may,33,5,-1,0,unknown,no
50,blue-collar,married,secondary,no,2641,yes,no,unknown,30,may,97,3,-1,0,unknown,no
40,blue-collar,married,primary,no,68,yes,no,unknown,30,may,170,19,-1,0,unknown,no
54,blue-collar,married,secondary,no,5210,yes,yes,unknown,30,may,123,4,-1,0,unknown,no
43,entrepreneur,married,secondary,no,641,yes,yes,unknown,2,jun,251,4,-1,0,unknown,no
53,blue-collar,married,primary,no,256,yes,no,unknown,2,jun,202,1,-1,0,unknown,no
38,blue-collar,single,secondary,no,4,yes,no,unknown,2,jun,129,1,-1,0,unknown,no
31,blue-collar,single,primary,no,859,yes,no,unknown,2,jun,80,1,-1,0,unknown,no
33,blue-collar,married,primary,no,3868,yes,no,unknown,2,jun,445,1,-1,0,unknown,no
35,management,single,tertiary,no,0,yes,no,unknown,2,jun,184,1,-1,0,unknown,no
34,management,single,tertiary,no,0,yes,no,unknown,2,jun,83,1,-1,0,unknown,no
28,blue-collar,single,primary,no,8263,yes,no,unknown,2,jun,267,1,-1,0,unknown,no
28,blue-collar,married,primary,no,-511,yes,no,unknown,2,jun,82,1,-1,0,unknown,no
45,services,married,secondary,no,-158,yes,no,unknown,2,jun,91,1,-1,0,unknown,no
42,technician,married,secondary,no,-887,no,no,unknown,2,jun,349,4,-1,0,unknown,no
36,blue-collar,married,secondary,yes,-2,no,no,unknown,2,jun,316,1,-1,0,unknown,no
51,blue-collar,married,unknown,no,0,no,no,unknown,2,jun,61,7,-1,0,unknown,no
39,blue-collar,married,primary,no,592,yes,no,unknown,2,jun,222,2,-1,0,unknown,no
55,services,married,secondary,no,1695,yes,no,unknown,3,jun,69,2,-1,0,unknown,no
46,blue-collar,married,primary,no,596,yes,no,unknown,3,jun,404,13,-1,0,unknown,no
37,self-employed,married,tertiary,no,1510,yes,no,unknown,3,jun,88,2,-1,0,unknown,no
37,blue-collar,married,secondary,yes,-399,yes,yes,unknown,3,jun,21,3,-1,0,unknown,no
39,unemployed,married,secondary,no,270,yes,no,unknown,3,jun,116,1,-1,0,unknown,no
35,management,single,tertiary,no,4788,yes,no,unknown,3,jun,227,1,-1,0,unknown,no
30,blue-collar,married,primary,no,346,yes,no,unknown,3,jun,135,1,-1,0,unknown,no
30,services,divorced,secondary,no,167,yes,no,unknown,3,jun,237,2,-1,0,unknown,no
30,blue-collar,single,secondary,no,855,yes,no,unknown,3,jun,235,2,-1,0,unknown,no
38,admin.,divorced,secondary,no,4630,yes,no,unknown,3,jun,133,3,-1,0,unknown,no
58,technician,married,unknown,no,-205,yes,no,unknown,3,jun,497,2,-1,0,unknown,no
39,management,married,tertiary,no,0,yes,no,unknown,3,jun,164,2,-1,0,unknown,no
36,technician,single,secondary,no,7503,yes,no,unknown,4,jun,25,1,-1,0,unknown,no
28,unemployed,married,secondary,no,655,yes,no,unknown,4,jun,606,2,-1,0,unknown,no
51,blue-collar,married,secondary,no,568,yes,no,unknown,4,jun,37,1,-1,0,unknown,no
42,services,married,secondary,no,717,yes,no,unknown,4,jun,152,6,-1,0,unknown,no
40,blue-collar,married,primary,yes,11,yes,yes,unknown,5,jun,83,3,-1,0,unknown,no
50,technician,married,primary,no,883,yes,no,unknown,5,jun,170,1,-1,0,unknown,no
47,entrepreneur,married,secondary,no,0,no,no,unknown,5,jun,1446,1,-1,0,unknown,yes
37,entrepreneur,divorced,secondary,no,14,no,no,unknown,5,jun,22,1,-1,0,unknown,no
36,blue-collar,married,secondary,no,346,yes,no,unknown,5,jun,202,1,-1,0,unknown,no
43,blue-collar,single,secondary,no,318,yes,no,unknown,5,jun,736,2,-1,0,unknown,yes
45,services,married,secondary,no,0,no,yes,unknown,5,jun,370,2,-1,0,unknown,no
53,housemaid,married,primary,no,104,no,yes,unknown,5,jun,701,1,-1,0,unknown,yes
37,blue-collar,married,unknown,no,1795,yes,no,unknown,5,jun,511,1,-1,0,unknown,no
46,technician,married,secondary,no,792,no,no,unknown,5,jun,170,2,-1,0,unknown,no
48,entrepreneur,divorced,tertiary,no,275,no,yes,unknown,5,jun,34,1,-1,0,unknown,no
39,admin.,married,secondary,no,1595,yes,no,unknown,5,jun,102,2,-1,0,unknown,no
57,technician,married,primary,no,0,no,no,unknown,5,jun,58,8,-1,0,unknown,no
28,admin.,single,unknown,no,731,yes,no,unknown,5,jun,718,13,-1,0,unknown,no
44,management,single,secondary,no,13,no,no,unknown,6,jun,116,11,-1,0,unknown,no
25,management,single,tertiary,no,490,yes,no,unknown,6,jun,246,3,-1,0,unknown,no
38,blue-collar,married,secondary,no,0,no,no,unknown,6,jun,361,1,-1,0,unknown,no
37,blue-collar,married,primary,no,27,no,no,unknown,6,jun,80,1,-1,0,unknown,no
44,self-employed,single,tertiary,no,97,yes,no,unknown,6,jun,153,4,-1,0,unknown,no
37,blue-collar,divorced,secondary,no,33,yes,no,unknown,6,jun,326,1,-1,0,unknown,no
37,blue-collar,married,secondary,no,1,no,no,unknown,6,jun,44,2,-1,0,unknown,no
31,management,single,tertiary,no,2296,yes,no,unknown,6,jun,49,8,-1,0,unknown,no
30,student,single,unknown,no,1232,yes,no,unknown,6,jun,52,4,-1,0,unknown,no
47,unknown,married,unknown,no,0,no,no,unknown,6,jun,466,2,-1,0,unknown,no
36,blue-collar,married,primary,no,0,no,no,unknown,6,jun,149,1,-1,0,unknown,no
39,services,single,secondary,no,158,yes,no,unknown,6,jun,354,2,-1,0,unknown,no
53,retired,divorced,secondary,yes,-200,no,yes,unknown,6,jun,161,1,-1,0,unknown,no
37,services,married,secondary,no,1372,yes,no,unknown,6,jun,129,2,-1,0,unknown,no
58,blue-collar,married,primary,no,9200,no,no,unknown,6,jun,233,2,-1,0,unknown,no
38,technician,single,secondary,no,0,yes,no,unknown,6,jun,64,1,-1,0,unknown,no
58,housemaid,married,primary,no,2348,no,no,unknown,9,jun,226,1,-1,0,unknown,no
35,technician,married,tertiary,no,2518,no,no,unknown,9,jun,400,1,-1,0,unknown,no
36,technician,married,secondary,no,300,no,no,unknown,9,jun,287,1,-1,0,unknown,no
39,blue-collar,married,secondary,no,5201,no,no,unknown,9,jun,317,1,-1,0,unknown,no
51,technician,married,tertiary,no,1057,no,no,unknown,9,jun,149,2,-1,0,unknown,no
36,management,married,tertiary,no,669,no,no,unknown,9,jun,91,1,-1,0,unknown,no
37,unknown,married,unknown,no,1699,no,no,unknown,9,jun,63,1,-1,0,unknown,no
56,services,married,secondary,no,4309,yes,no,unknown,9,jun,465,6,-1,0,unknown,no
49,technician,married,secondary,no,378,no,no,unknown,9,jun,189,2,-1,0,unknown,no
32,student,single,unknown,no,2313,yes,no,unknown,9,jun,99,26,-1,0,unknown,no
35,services,married,secondary,no,0,no,no,unknown,9,jun,115,4,-1,0,unknown,no
28,admin.,single,secondary,no,267,yes,no,unknown,11,jun,198,5,-1,0,unknown,no
42,self-employed,married,tertiary,no,1202,no,no,unknown,11,jun,40,1,-1,0,unknown,no
46,unknown,married,primary,no,285,no,no,unknown,11,jun,215,2,-1,0,unknown,no
38,technician,married,tertiary,no,0,no,no,unknown,12,jun,112,2,-1,0,unknown,no
38,blue-collar,divorced,primary,no,0,no,no,unknown,12,jun,133,1,-1,0,unknown,no
45,management,married,primary,no,0,no,yes,unknown,12,jun,54,1,-1,0,unknown,no
45,services,married,primary,no,7811,no,no,unknown,16,jun,143,2,-1,0,unknown,no
52,retired,divorced,tertiary,no,3687,yes,yes,unknown,16,jun,741,4,-1,0,unknown,yes
36,services,married,secondary,no,981,no,no,unknown,16,jun,1093,1,-1,0,unknown,yes
54,blue-collar,married,primary,no,0,no,no,unknown,16,jun,101,6,-1,0,unknown,no
38,technician,single,tertiary,no,38,no,no,unknown,16,jun,64,1,-1,0,unknown,no
30,technician,single,secondary,no,363,yes,no,unknown,16,jun,136,8,-1,0,unknown,no
48,unknown,married,unknown,no,3940,no,no,unknown,16,jun,298,6,-1,0,unknown,no
52,blue-collar,married,secondary,no,167,no,no,unknown,16,jun,163,1,-1,0,unknown,no
41,blue-collar,married,secondary,no,-100,yes,no,unknown,16,jun,20,21,-1,0,unknown,no
49,blue-collar,single,unknown,no,2222,no,no,unknown,16,jun,114,2,-1,0,unknown,no
42,technician,single,tertiary,no,671,yes,no,unknown,16,jun,14,20,-1,0,unknown,no
31,technician,married,secondary,no,-720,yes,no,unknown,17,jun,638,16,-1,0,unknown,no
36,management,married,tertiary,no,0,no,no,unknown,17,jun,222,3,-1,0,unknown,no
37,housemaid,single,primary,no,1088,no,no,unknown,17,jun,131,2,-1,0,unknown,no
59,retired,married,primary,no,0,no,no,unknown,17,jun,192,1,-1,0,unknown,no
43,management,married,tertiary,no,438,no,no,unknown,17,jun,355,2,-1,0,unknown,no
57,retired,married,primary,no,7938,no,no,unknown,17,jun,133,1,-1,0,unknown,no
48,technician,married,secondary,no,335,no,no,unknown,17,jun,214,3,-1,0,unknown,no
55,management,married,primary,no,1446,no,no,unknown,17,jun,135,1,-1,0,unknown,no
41,blue-collar,married,primary,no,402,no,no,unknown,17,jun,114,17,-1,0,unknown,no
55,admin.,divorced,secondary,no,0,no,no,unknown,17,jun,76,2,-1,0,unknown,no
54,retired,married,secondary,no,1614,yes,no,unknown,17,jun,534,4,-1,0,unknown,no
38,services,single,unknown,no,1610,yes,no,unknown,17,jun,76,6,-1,0,unknown,no
36,blue-collar,married,secondary,yes,0,no,yes,unknown,17,jun,138,5,-1,0,unknown,no
51,housemaid,married,primary,no,1093,no,yes,unknown,18,jun,18,1,-1,0,unknown,no
58,unknown,married,unknown,no,219,no,no,unknown,18,jun,55,1,-1,0,unknown,no
43,services,divorced,secondary,no,62,no,no,unknown,18,jun,67,1,-1,0,unknown,no
49,blue-collar,married,secondary,no,1743,no,no,unknown,18,jun,68,1,-1,0,unknown,no
48,management,married,primary,no,5348,no,no,unknown,18,jun,105,1,-1,0,unknown,no
44,management,married,tertiary,no,2283,yes,yes,unknown,18,jun,81,2,-1,0,unknown,no
53,blue-collar,divorced,secondary,no,517,yes,no,unknown,18,jun,188,2,-1,0,unknown,no
55,management,married,secondary,no,0,no,no,unknown,18,jun,324,2,-1,0,unknown,no
37,services,divorced,primary,no,0,yes,no,unknown,18,jun,77,2,-1,0,unknown,no
60,entrepreneur,married,primary,no,0,no,no,unknown,18,jun,201,1,-1,0,unknown,no
54,services,married,secondary,no,0,no,no,unknown,19,jun,220,1,-1,0,unknown,no
47,retired,divorced,secondary,no,0,no,no,unknown,19,jun,141,1,-1,0,unknown,no
45,management,married,tertiary,no,9711,no,no,unknown,19,jun,416,3,-1,0,unknown,no
51,management,married,tertiary,no,3134,no,no,unknown,19,jun,92,3,-1,0,unknown,no
57,unemployed,married,tertiary,no,209,no,no,unknown,19,jun,453,1,-1,0,unknown,no
34,technician,single,secondary,no,6053,yes,no,unknown,19,jun,26,5,-1,0,unknown,no
60,retired,married,tertiary,no,2868,no,no,unknown,20,jun,42,7,-1,0,unknown,no
57,technician,married,secondary,no,0,no,no,unknown,20,jun,45,4,-1,0,unknown,no
52,management,married,tertiary,no,0,no,no,unknown,20,jun,166,1,-1,0,unknown,no
45,unemployed,divorced,secondary,no,5163,no,no,unknown,20,jun,9,2,-1,0,unknown,no
51,technician,married,primary,no,1550,no,no,unknown,20,jun,12,5,-1,0,unknown,no
45,management,married,tertiary,no,655,no,no,unknown,20,jun,693,3,-1,0,unknown,yes
39,services,divorced,secondary,no,1062,yes,no,unknown,20,jun,10,4,-1,0,unknown,no
57,blue-collar,married,primary,no,8403,no,no,unknown,20,jun,11,11,-1,0,unknown,no
56,blue-collar,married,secondary,no,277,no,no,unknown,20,jun,9,13,-1,0,unknown,no
58,management,married,tertiary,no,1697,no,no,unknown,20,jun,55,2,-1,0,unknown,no
59,unknown,married,unknown,no,2443,no,no,unknown,20,jun,8,8,-1,0,unknown,no
54,technician,married,secondary,no,827,no,yes,unknown,20,jun,294,2,-1,0,unknown,no
44,management,married,tertiary,no,786,yes,no,unknown,20,jun,15,7,-1,0,unknown,no
44,admin.,married,secondary,no,961,no,no,unknown,20,jun,314,2,-1,0,unknown,no
45,services,married,secondary,no,4,yes,no,unknown,20,jun,709,9,-1,0,unknown,no
58,blue-collar,married,primary,no,1231,no,no,unknown,20,jun,21,3,-1,0,unknown,no
58,technician,divorced,secondary,no,2270,no,no,unknown,20,jun,24,4,-1,0,unknown,no
44,unknown,single,unknown,no,1239,no,no,unknown,20,jun,39,4,-1,0,unknown,no
47,unemployed,divorced,tertiary,no,780,no,no,unknown,20,jun,447,2,-1,0,unknown,no
43,management,married,tertiary,no,149,yes,no,unknown,23,jun,662,2,-1,0,unknown,yes
42,self-employed,divorced,tertiary,no,360,yes,no,unknown,24,jun,110,5,-1,0,unknown,no
55,management,married,tertiary,no,5804,no,no,unknown,24,jun,56,3,-1,0,unknown,no
51,services,married,secondary,no,-1136,no,yes,unknown,25,jun,155,1,-1,0,unknown,no
46,technician,married,tertiary,no,157,no,no,unknown,26,jun,150,1,-1,0,unknown,no
58,services,married,primary,no,65,no,no,unknown,27,jun,162,1,-1,0,unknown,no
28,services,married,secondary,no,4,yes,no,unknown,27,jun,133,5,-1,0,unknown,no
24,services,single,secondary,no,11,yes,no,unknown,27,jun,114,4,-1,0,unknown,no
27,services,married,secondary,no,511,yes,no,unknown,30,jun,85,5,-1,0,unknown,no
28,self-employed,single,secondary,no,-395,yes,no,unknown,30,jun,141,4,-1,0,unknown,no
37,technician,single,secondary,no,29,no,no,unknown,3,jul,269,2,-1,0,unknown,no
47,blue-collar,married,primary,no,-187,no,no,unknown,3,jul,652,1,-1,0,unknown,no
54,blue-collar,married,primary,no,466,no,no,cellular,4,jul,297,1,-1,0,unknown,no
29,blue-collar,single,primary,no,343,no,no,cellular,4,jul,39,2,-1,0,unknown,no
36,technician,single,secondary,no,-272,no,yes,cellular,4,jul,53,6,-1,0,unknown,no
43,management,divorced,secondary,no,0,no,no,cellular,7,jul,75,3,-1,0,unknown,no
53,management,divorced,tertiary,no,243,yes,no,cellular,7,jul,66,2,-1,0,unknown,no
43,technician,married,secondary,no,-796,no,no,cellular,7,jul,190,4,-1,0,unknown,no
33,services,single,secondary,no,149,no,yes,cellular,7,jul,254,1,-1,0,unknown,no
59,blue-collar,married,secondary,no,13718,no,no,telephone,7,jul,107,6,-1,0,unknown,no
57,blue-collar,married,primary,no,282,no,yes,cellular,7,jul,261,12,-1,0,unknown,no
32,blue-collar,single,secondary,no,22,no,no,cellular,7,jul,280,1,-1,0,unknown,no
48,self-employed,married,secondary,no,252,no,no,cellular,7,jul,261,5,-1,0,unknown,no
40,blue-collar,married,primary,yes,-23,no,yes,cellular,7,jul,756,3,-1,0,unknown,no
28,self-employed,married,secondary,no,-228,yes,yes,cellular,7,jul,164,3,-1,0,unknown,no
26,admin.,single,secondary,no,-378,no,yes,cellular,8,jul,165,1,-1,0,unknown,no
30,blue-collar,married,secondary,no,1177,no,yes,cellular,8,jul,220,2,-1,0,unknown,no
33,entrepreneur,divorced,tertiary,no,37,no,yes,cellular,8,jul,1082,1,-1,0,unknown,yes
26,blue-collar,single,secondary,yes,81,no,yes,cellular,8,jul,803,2,-1,0,unknown,yes
57,blue-collar,married,secondary,no,75,no,no,cellular,8,jul,157,8,-1,0,unknown,no
49,blue-collar,single,primary,no,1040,no,no,cellular,8,jul,474,2,-1,0,unknown,no
32,admin.,married,secondary,no,-1,no,no,cellular,8,jul,228,2,-1,0,unknown,no
29,technician,single,tertiary,no,313,no,yes,cellular,8,jul,227,2,-1,0,unknown,no
32,blue-collar,married,secondary,no,4,yes,yes,cellular,8,jul,173,1,-1,0,unknown,no
50,self-employed,married,secondary,no,38,yes,no,cellular,9,jul,42,1,-1,0,unknown,no
38,management,married,tertiary,yes,327,yes,yes,cellular,9,jul,556,5,-1,0,unknown,yes
40,services,married,secondary,no,105,yes,no,cellular,9,jul,161,1,-1,0,unknown,no
43,management,single,tertiary,no,3872,yes,no,cellular,9,jul,225,2,-1,0,unknown,no
51,services,married,secondary,no,260,no,no,telephone,9,jul,183,2,-1,0,unknown,no
39,blue-collar,married,primary,no,-176,no,no,cellular,9,jul,176,1,-1,0,unknown,no
45,technician,married,secondary,no,0,yes,yes,telephone,9,jul,74,1,-1,0,unknown,no
46,blue-collar,married,secondary,no,6253,yes,no,cellular,9,jul,411,1,-1,0,unknown,no
39,technician,married,secondary,no,1385,yes,yes,telephone,9,jul,446,1,-1,0,unknown,no
35,housemaid,married,primary,no,0,no,yes,telephone,9,jul,17,1,-1,0,unknown,no
51,services,divorced,secondary,no,234,no,no,cellular,9,jul,281,3,-1,0,unknown,no
41,blue-collar,married,secondary,no,-194,no,yes,cellular,10,jul,307,1,-1,0,unknown,no
32,admin.,married,tertiary,no,1,yes,yes,cellular,10,jul,143,1,-1,0,unknown,no
37,entrepreneur,married,secondary,no,2055,yes,yes,cellular,10,jul,241,4,-1,0,unknown,no
29,management,married,tertiary,no,55,yes,no,cellular,10,jul,235,1,-1,0,unknown,no
44,blue-collar,married,primary,no,-237,yes,no,telephone,10,jul,73,1,-1,0,unknown,no
38,blue-collar,married,secondary,no,137,no,no,cellular,10,jul,624,1,-1,0,unknown,no
34,admin.,married,secondary,no,-33,yes,yes,cellular,10,jul,961,1,-1,0,unknown,yes
47,blue-collar,married,secondary,no,182,yes,no,telephone,10,jul,39,1,-1,0,unknown,yes
55,admin.,single,secondary,no,645,no,no,telephone,10,jul,123,1,-1,0,unknown,no
29,self-employed,single,secondary,no,1186,no,no,cellular,10,jul,313,1,-1,0,unknown,no
25,blue-collar,single,secondary,no,1243,no,yes,cellular,10,jul,1341,7,-1,0,unknown,yes
37,admin.,divorced,secondary,no,859,yes,yes,cellular,10,jul,154,4,-1,0,unknown,no
26,management,single,tertiary,no,45,no,no,cellular,10,jul,1187,3,-1,0,unknown,yes
27,admin.,married,secondary,no,941,yes,no,cellular,11,jul,124,1,-1,0,unknown,no
57,admin.,married,secondary,no,2518,yes,no,cellular,11,jul,82,2,-1,0,unknown,no
58,housemaid,divorced,primary,no,0,no,no,cellular,11,jul,965,2,-1,0,unknown,no
37,management,married,tertiary,no,466,yes,no,cellular,11,jul,92,2,-1,0,unknown,no
45,blue-collar,married,primary,no,660,yes,no,cellular,14,jul,329,2,-1,0,unknown,no
28,technician,single,secondary,no,36,no,no,cellular,14,jul,158,3,-1,0,unknown,no
58,blue-collar,married,primary,no,226,yes,no,cellular,14,jul,306,2,-1,0,unknown,no
48,management,married,tertiary,no,308,yes,no,cellular,14,jul,125,5,-1,0,unknown,no
37,entrepreneur,married,tertiary,no,41,no,no,cellular,14,jul,388,3,-1,0,unknown,no
47,management,divorced,tertiary,no,0,no,no,cellular,14,jul,122,2,-1,0,unknown,no
50,technician,married,secondary,no,156,no,yes,cellular,14,jul,1130,3,-1,0,unknown,yes
52,technician,married,secondary,no,279,no,yes,cellular,14,jul,197,3,-1,0,unknown,no
47,technician,married,secondary,no,0,no,no,telephone,14,jul,81,2,-1,0,unknown,no
53,management,divorced,tertiary,no,0,yes,no,cellular,14,jul,119,3,-1,0,unknown,no
51,management,divorced,tertiary,no,-2282,yes,yes,cellular,14,jul,301,6,-1,0,unknown,no
36,blue-collar,married,primary,no,223,yes,no,unknown,14,jul,12,3,-1,0,unknown,no
38,blue-collar,single,tertiary,no,263,yes,no,cellular,14,jul,84,6,-1,0,unknown,no
34,services,married,secondary,no,-353,yes,no,cellular,15,jul,122,4,-1,0,unknown,no
41,technician,married,secondary,no,1321,yes,no,cellular,15,jul,315,2,-1,0,unknown,no
47,management,divorced,tertiary,no,1149,no,yes,cellular,15,jul,82,2,-1,0,unknown,no
37,admin.,married,secondary,no,0,yes,no,telephone,15,jul,280,6,-1,0,unknown,no
39,blue-collar,married,secondary,no,0,yes,no,cellular,15,jul,103,4,-1,0,unknown,no
32,management,divorced,tertiary,no,222,no,yes,cellular,15,jul,820,4,-1,0,unknown,yes
27,admin.,single,secondary,no,454,no,yes,cellular,15,jul,331,2,-1,0,unknown,no
29,management,married,tertiary,no,0,yes,no,telephone,15,jul,91,2,-1,0,unknown,no
50,admin.,married,secondary,no,219,yes,no,cellular,15,jul,419,7,-1,0,unknown,no
35,admin.,married,secondary,no,348,yes,yes,cellular,15,jul,323,3,-1,0,unknown,no
36,services,married,secondary,no,321,yes,no,cellular,15,jul,160,2,-1,0,unknown,no
30,technician,married,unknown,no,0,yes,no,cellular,16,jul,510,3,-1,0,unknown,no
57,services,married,primary,no,1728,yes,no,telephone,16,jul,164,1,-1,0,unknown,no
58,blue-collar,married,unknown,no,2516,yes,no,cellular,16,jul,303,1,-1,0,unknown,no
39,blue-collar,married,tertiary,no,597,no,no,cellular,16,jul,686,6,-1,0,unknown,yes
43,blue-collar,married,secondary,no,184,no,yes,cellular,16,jul,1019,11,-1,0,unknown,yes
59,blue-collar,divorced,primary,no,1228,no,yes,cellular,16,jul,57,3,-1,0,unknown,no
40,technician,single,secondary,no,641,no,no,cellular,16,jul,156,6,-1,0,unknown,no
34,blue-collar,married,primary,no,425,yes,no,cellular,16,jul,1389,7,-1,0,unknown,no
40,services,married,secondary,no,518,no,no,telephone,17,jul,84,1,-1,0,unknown,no
34,admin.,married,secondary,no,-191,yes,no,cellular,17,jul,156,6,-1,0,unknown,no
31,technician,married,tertiary,no,2951,yes,no,cellular,17,jul,115,1,-1,0,unknown,no
42,blue-collar,married,secondary,no,600,no,no,cellular,17,jul,277,3,-1,0,unknown,no
40,technician,married,tertiary,no,0,yes,no,cellular,17,jul,383,3,-1,0,unknown,no
50,housemaid,married,tertiary,no,1005,no,no,cellular,17,jul,188,3,-1,0,unknown,no
31,management,divorced,tertiary,no,294,yes,no,cellular,17,jul,536,5,-1,0,unknown,yes
40,management,married,secondary,no,0,yes,no,cellular,17,jul,728,3,-1,0,unknown,no
40,management,married,tertiary,no,-117,yes,no,cellular,17,jul,770,2,-1,0,unknown,no
29,services,married,secondary,no,3220,no,no,cellular,17,jul,172,3,-1,0,unknown,no
31,blue-collar,married,secondary,no,64,yes,no,cellular,18,jul,302,3,-1,0,unknown,no
51,technician,married,secondary,no,428,no,yes,cellular,18,jul,145,2,-1,0,unknown,no
59,blue-collar,married,secondary,no,-139,no,no,cellular,18,jul,33,1,-1,0,unknown,no
30,services,single,secondary,no,114,no,yes,cellular,18,jul,110,10,-1,0,unknown,no
34,admin.,single,secondary,no,934,no,no,cellular,18,jul,909,3,-1,0,unknown,no
38,management,single,tertiary,no,21963,no,no,telephone,18,jul,70,2,-1,0,unknown,no
32,technician,single,secondary,no,648,no,yes,cellular,21,jul,166,1,-1,0,unknown,no
25,services,single,secondary,no,2311,no,yes,cellular,21,jul,1105,2,-1,0,unknown,yes
35,technician,divorced,unknown,no,244,no,no,cellular,21,jul,54,10,-1,0,unknown,no
27,admin.,single,secondary,no,15,no,yes,cellular,21,jul,177,1,-1,0,unknown,no
27,self-employed,single,tertiary,no,202,yes,no,cellular,21,jul,678,1,-1,0,unknown,no
40,management,married,tertiary,no,-65,no,yes,cellular,21,jul,65,2,-1,0,unknown,no
34,self-employed,married,tertiary,no,865,yes,no,cellular,21,jul,51,7,-1,0,unknown,no
44,technician,divorced,secondary,no,316,yes,no,cellular,21,jul,163,3,-1,0,unknown,no
33,services,married,secondary,no,70,yes,no,cellular,21,jul,333,3,-1,0,unknown,no
43,admin.,married,secondary,no,1625,yes,yes,cellular,21,jul,56,1,-1,0,unknown,no
30,management,married,tertiary,no,74,yes,no,cellular,21,jul,106,3,-1,0,unknown,no
35,management,married,tertiary,no,0,yes,no,cellular,21,jul,199,3,-1,0,unknown,no
29,management,single,tertiary,no,872,yes,no,cellular,21,jul,173,2,-1,0,unknown,no
29,blue-collar,married,secondary,no,358,no,no,cellular,21,jul,88,5,-1,0,unknown,no
33,management,married,tertiary,no,1,yes,yes,cellular,21,jul,551,8,-1,0,unknown,no
38,technician,single,tertiary,no,378,yes,no,telephone,21,jul,184,21,-1,0,unknown,no
36,management,divorced,tertiary,no,81,no,yes,cellular,22,jul,560,1,-1,0,unknown,yes
37,services,married,secondary,no,145,yes,no,telephone,22,jul,74,13,-1,0,unknown,no
29,admin.,single,tertiary,no,89,yes,no,cellular,22,jul,120,1,-1,0,unknown,no
26,technician,single,secondary,no,1842,yes,yes,cellular,22,jul,611,1,-1,0,unknown,no
52,blue-collar,married,secondary,no,5275,no,yes,cellular,22,jul,1029,3,-1,0,unknown,no
35,blue-collar,married,secondary,no,162,no,yes,cellular,22,jul,675,2,-1,0,unknown,no
26,student,single,secondary,no,141,no,no,cellular,22,jul,128,1,-1,0,unknown,no
61,technician,married,secondary,no,50,yes,no,cellular,22,jul,213,5,-1,0,unknown,no
30,admin.,single,secondary,no,1700,yes,no,cellular,22,jul,279,3,-1,0,unknown,no
46,services,married,secondary,no,-119,yes,no,cellular,22,jul,151,3,-1,0,unknown,no
48,technician,divorced,tertiary,no,113,no,yes,cellular,22,jul,38,1,-1,0,unknown,no
30,management,married,tertiary,no,126,yes,yes,cellular,23,jul,75,10,-1,0,unknown,no
38,technician,married,primary,no,-1038,no,yes,cellular,23,jul,222,1,-1,0,unknown,no
49,admin.,divorced,secondary,yes,2405,yes,no,cellular,23,jul,216,8,-1,0,unknown,no
33,self-employed,single,primary,no,4443,no,no,telephone,23,jul,25,6,-1,0,unknown,no
31,admin.,single,secondary,no,378,no,no,cellular,23,jul,421,2,-1,0,unknown,no
47,blue-collar,married,secondary,no,1110,yes,no,telephone,23,jul,329,3,-1,0,unknown,no
26,blue-collar,single,secondary,no,5829,no,no,cellular,23,jul,41,2,-1,0,unknown,no
25,management,single,tertiary,no,137,yes,no,cellular,24,jul,281,3,-1,0,unknown,no
28,technician,married,secondary,no,158,yes,yes,telephone,24,jul,77,1,-1,0,unknown,no
31,admin.,married,secondary,no,0,yes,no,cellular,24,jul,137,1,-1,0,unknown,no
46,blue-collar,married,secondary,no,310,yes,no,cellular,24,jul,58,2,-1,0,unknown,no
34,management,married,tertiary,no,0,yes,no,telephone,24,jul,60,1,-1,0,unknown,no
30,services,married,secondary,no,-68,yes,yes,cellular,24,jul,78,1,-1,0,unknown,no
28,technician,single,secondary,no,981,yes,no,cellular,24,jul,225,1,-1,0,unknown,no
43,management,married,secondary,no,5,yes,no,cellular,24,jul,953,1,-1,0,unknown,no
48,blue-collar,married,primary,no,595,no,no,cellular,24,jul,464,1,-1,0,unknown,no
25,housemaid,married,primary,no,669,yes,no,cellular,24,jul,367,2,-1,0,unknown,no
32,services,divorced,secondary,no,4612,yes,no,cellular,24,jul,937,4,-1,0,unknown,no
41,entrepreneur,married,tertiary,no,0,yes,no,telephone,24,jul,552,16,-1,0,unknown,no
25,services,married,secondary,no,0,yes,no,cellular,24,jul,458,9,-1,0,unknown,yes
37,technician,single,tertiary,no,2642,yes,no,cellular,25,jul,591,3,-1,0,unknown,no
25,services,married,secondary,no,-282,yes,yes,cellular,25,jul,198,1,-1,0,unknown,no
35,services,single,secondary,no,11,yes,no,cellular,25,jul,294,1,-1,0,unknown,no
27,services,single,primary,no,140,yes,yes,cellular,25,jul,361,1,-1,0,unknown,no
30,admin.,single,secondary,no,-635,no,no,cellular,25,jul,250,1,-1,0,unknown,no
43,blue-collar,married,secondary,no,57,yes,no,cellular,25,jul,188,5,-1,0,unknown,no
45,management,married,tertiary,no,766,yes,no,telephone,25,jul,59,15,-1,0,unknown,no
41,admin.,single,secondary,no,0,no,no,telephone,25,jul,286,2,-1,0,unknown,no
27,blue-collar,married,secondary,no,5505,yes,yes,cellular,25,jul,134,1,-1,0,unknown,no
30,admin.,single,tertiary,no,33,yes,no,cellular,25,jul,396,1,-1,0,unknown,no
46,blue-collar,married,primary,no,-160,no,yes,telephone,25,jul,93,11,-1,0,unknown,no
34,blue-collar,single,secondary,no,-603,no,no,cellular,25,jul,164,4,-1,0,unknown,no
32,services,married,secondary,no,252,yes,yes,cellular,25,jul,148,4,-1,0,unknown,no
58,retired,single,primary,no,999,no,no,cellular,25,jul,188,6,-1,0,unknown,no
34,entrepreneur,single,secondary,yes,-200,no,yes,cellular,25,jul,248,5,-1,0,unknown,no
39,management,single,tertiary,no,26,yes,no,cellular,28,jul,110,18,-1,0,unknown,no
52,blue-collar,married,primary,no,4711,yes,no,cellular,28,jul,228,2,-1,0,unknown,no
56,blue-collar,divorced,secondary,no,1346,no,yes,cellular,28,jul,240,3,-1,0,unknown,no
26,blue-collar,single,secondary,no,37,no,yes,cellular,28,jul,301,2,-1,0,unknown,no
26,services,single,secondary,no,81,yes,no,cellular,28,jul,63,2,-1,0,unknown,no
54,blue-collar,married,primary,no,551,yes,no,cellular,28,jul,431,2,-1,0,unknown,no
43,technician,divorced,secondary,no,1413,yes,no,telephone,28,jul,75,3,-1,0,unknown,no
44,technician,divorced,secondary,no,0,no,no,cellular,28,jul,264,5,-1,0,unknown,no
30,management,single,tertiary,no,199,no,yes,cellular,28,jul,131,7,-1,0,unknown,no
44,admin.,married,secondary,no,251,no,yes,telephone,28,jul,122,3,-1,0,unknown,no
44,blue-collar,married,secondary,no,337,yes,no,telephone,28,jul,257,3,-1,0,unknown,no
35,management,divorced,tertiary,no,366,yes,no,telephone,29,jul,480,9,-1,0,unknown,no
42,technician,divorced,secondary,no,-78,yes,yes,cellular,29,jul,10,23,-1,0,unknown,no
45,blue-collar,married,primary,no,193,yes,yes,cellular,29,jul,116,2,-1,0,unknown,no
26,technician,single,secondary,no,84,yes,no,cellular,29,jul,70,3,-1,0,unknown,no
59,retired,married,primary,no,0,yes,no,cellular,29,jul,45,7,-1,0,unknown,no
39,admin.,married,secondary,no,394,no,no,cellular,29,jul,551,2,-1,0,unknown,no
34,admin.,married,secondary,no,147,yes,yes,cellular,29,jul,57,7,-1,0,unknown,no
36,technician,married,tertiary,no,82,yes,no,cellular,29,jul,45,4,-1,0,unknown,no
49,admin.,divorced,secondary,no,124,yes,yes,cellular,29,jul,125,19,-1,0,unknown,no
39,entrepreneur,married,tertiary,no,345,yes,yes,cellular,29,jul,110,3,-1,0,unknown,no
39,admin.,married,tertiary,no,9143,no,no,cellular,29,jul,851,2,-1,0,unknown,no
49,services,divorced,secondary,no,933,no,yes,cellular,29,jul,92,33,-1,0,unknown,no
51,services,divorced,secondary,no,0,no,no,telephone,30,jul,273,4,-1,0,unknown,no
43,technician,single,secondary,no,54,yes,no,cellular,30,jul,62,2,-1,0,unknown,no
60,blue-collar,married,secondary,no,241,yes,no,telephone,30,jul,42,3,-1,0,unknown,no
31,management,married,tertiary,no,18,yes,no,cellular,30,jul,72,19,-1,0,unknown,no
58,unemployed,single,secondary,no,1013,yes,no,cellular,30,jul,341,5,-1,0,unknown,no
53,services,married,secondary,no,1194,no,no,telephone,30,jul,166,4,-1,0,unknown,no
31,entrepreneur,married,secondary,no,1302,yes,no,cellular,30,jul,89,3,-1,0,unknown,no
55,management,married,tertiary,no,33,yes,no,cellular,30,jul,246,3,-1,0,unknown,no
35,blue-collar,married,secondary,no,3188,yes,no,cellular,30,jul,288,3,-1,0,unknown,no
56,management,divorced,tertiary,no,66,no,yes,cellular,30,jul,72,4,-1,0,unknown,no
40,services,married,secondary,no,251,yes,no,cellular,30,jul,153,6,-1,0,unknown,no
40,self-employed,single,tertiary,no,819,no,no,cellular,30,jul,100,3,-1,0,unknown,no
34,technician,single,tertiary,no,184,yes,no,cellular,30,jul,87,3,-1,0,unknown,no
59,blue-collar,married,primary,no,-209,no,no,telephone,30,jul,215,3,-1,0,unknown,no
37,admin.,single,tertiary,no,869,no,no,cellular,30,jul,60,8,-1,0,unknown,no
45,blue-collar,married,secondary,no,726,yes,no,cellular,31,jul,175,6,-1,0,unknown,no
34,management,married,tertiary,no,82,no,no,cellular,31,jul,134,5,-1,0,unknown,no
55,technician,married,secondary,no,264,yes,yes,cellular,31,jul,1150,5,-1,0,unknown,yes
47,management,married,tertiary,no,2597,no,no,cellular,31,jul,52,2,-1,0,unknown,no
55,management,married,tertiary,no,2,no,yes,cellular,31,jul,126,2,-1,0,unknown,no
33,entrepreneur,single,tertiary,no,99,no,yes,cellular,31,jul,192,3,-1,0,unknown,no
39,blue-collar,married,primary,no,532,yes,no,cellular,31,jul,786,2,-1,0,unknown,no
44,blue-collar,married,unknown,no,879,no,no,telephone,31,jul,28,1,-1,0,unknown,no
47,management,married,tertiary,no,1493,no,no,cellular,31,jul,89,5,-1,0,unknown,no
35,services,married,secondary,no,377,no,yes,cellular,31,jul,30,13,-1,0,unknown,no
50,blue-collar,married,secondary,no,9585,yes,no,telephone,31,jul,182,6,-1,0,unknown,no
42,admin.,married,secondary,no,247,yes,no,cellular,31,jul,76,5,-1,0,unknown,no
49,services,married,secondary,no,388,no,no,telephone,31,jul,1032,4,-1,0,unknown,yes
38,technician,married,secondary,no,1919,no,no,cellular,4,aug,846,1,-1,0,unknown,yes
35,technician,single,tertiary,no,211,no,no,cellular,4,aug,53,1,-1,0,unknown,no
60,technician,married,secondary,no,914,no,no,unknown,4,aug,64,1,-1,0,unknown,no
38,services,married,tertiary,no,658,no,no,cellular,4,aug,328,2,-1,0,unknown,no
54,self-employed,married,secondary,no,3529,no,no,cellular,4,aug,686,2,-1,0,unknown,no
56,blue-collar,married,secondary,no,276,no,no,cellular,5,aug,269,1,-1,0,unknown,no
59,management,single,tertiary,no,7668,no,no,cellular,5,aug,124,1,-1,0,unknown,no
46,admin.,married,secondary,no,0,no,no,cellular,5,aug,109,1,-1,0,unknown,no
45,management,married,tertiary,no,-642,no,no,cellular,5,aug,124,4,-1,0,unknown,no
33,management,divorced,tertiary,no,2885,no,no,cellular,5,aug,1051,2,-1,0,unknown,yes
53,blue-collar,married,unknown,no,1230,no,no,cellular,5,aug,155,3,-1,0,unknown,no
33,technician,divorced,secondary,no,488,no,no,cellular,5,aug,332,2,-1,0,unknown,no
58,services,married,secondary,no,688,no,no,cellular,6,aug,152,2,-1,0,unknown,no
53,management,divorced,tertiary,no,269,no,no,cellular,6,aug,347,2,-1,0,unknown,no
48,management,married,tertiary,no,3766,no,no,cellular,6,aug,206,2,-1,0,unknown,no
36,management,married,tertiary,no,163,no,no,cellular,6,aug,311,2,-1,0,unknown,no
51,services,married,secondary,no,122,no,yes,cellular,6,aug,499,2,-1,0,unknown,no
39,housemaid,married,tertiary,no,94,no,no,cellular,6,aug,181,2,-1,0,unknown,no
33,management,single,tertiary,no,1097,no,yes,cellular,6,aug,308,4,-1,0,unknown,no
46,housemaid,married,primary,no,0,no,no,cellular,6,aug,322,5,-1,0,unknown,no
33,student,divorced,secondary,no,422,no,no,cellular,6,aug,406,3,-1,0,unknown,no
39,technician,married,secondary,no,425,yes,no,cellular,6,aug,562,3,-1,0,unknown,no
49,admin.,married,secondary,no,0,no,no,cellular,7,aug,301,2,-1,0,unknown,no
34,technician,divorced,tertiary,no,674,yes,no,cellular,7,aug,587,2,-1,0,unknown,yes
35,technician,divorced,tertiary,no,20,yes,yes,cellular,7,aug,51,2,-1,0,unknown,no
53,technician,married,secondary,no,234,no,no,cellular,7,aug,103,2,-1,0,unknown,no
36,management,single,tertiary,no,613,no,no,cellular,7,aug,86,2,-1,0,unknown,no
44,management,married,secondary,no,597,yes,no,cellular,7,aug,137,2,-1,0,unknown,no
60,housemaid,married,primary,no,2008,no,no,cellular,7,aug,105,2,-1,0,unknown,no
34,housemaid,married,secondary,no,1969,no,no,cellular,7,aug,252,4,-1,0,unknown,no
51,management,married,tertiary,no,15904,no,no,cellular,7,aug,504,4,-1,0,unknown,no
39,management,married,tertiary,no,2666,no,no,cellular,7,aug,96,2,-1,0,unknown,no
45,entrepreneur,married,tertiary,no,770,no,no,cellular,7,aug,65,2,-1,0,unknown,no
60,services,married,tertiary,no,6557,no,no,cellular,7,aug,214,2,-1,0,unknown,no
56,blue-collar,married,primary,no,1214,no,yes,cellular,7,aug,105,1,-1,0,unknown,no
49,technician,divorced,secondary,no,790,yes,no,cellular,7,aug,324,3,-1,0,unknown,no
37,management,single,tertiary,no,171,yes,yes,cellular,7,aug,250,3,-1,0,unknown,no
33,technician,divorced,secondary,no,801,no,no,cellular,7,aug,341,5,-1,0,unknown,yes
47,management,married,secondary,no,7,no,no,cellular,8,aug,175,2,-1,0,unknown,no
31,management,single,tertiary,no,18,no,no,cellular,8,aug,82,2,-1,0,unknown,no
57,unknown,married,primary,no,900,no,no,cellular,8,aug,169,4,-1,0,unknown,no
32,technician,single,tertiary,no,1150,no,no,cellular,8,aug,31,2,-1,0,unknown,no
39,management,married,tertiary,no,947,no,no,cellular,8,aug,124,2,-1,0,unknown,no
40,technician,single,secondary,no,8259,no,no,cellular,8,aug,254,4,-1,0,unknown,no
31,management,single,tertiary,no,9506,no,no,cellular,8,aug,321,2,-1,0,unknown,no
46,admin.,married,secondary,no,2148,no,no,cellular,8,aug,176,4,-1,0,unknown,no
53,blue-collar,married,primary,no,1868,no,no,cellular,8,aug,156,4,-1,0,unknown,no
59,retired,married,secondary,no,2768,no,yes,cellular,8,aug,94,5,-1,0,unknown,no
49,technician,divorced,secondary,no,229,no,no,cellular,8,aug,219,2,-1,0,unknown,no
46,housemaid,married,primary,no,269,no,no,cellular,8,aug,188,5,-1,0,unknown,no
48,blue-collar,married,primary,no,104,no,no,cellular,8,aug,103,4,-1,0,unknown,no
30,technician,married,secondary,no,274,yes,yes,cellular,11,aug,97,2,-1,0,unknown,no
45,unknown,married,unknown,no,356,no,no,cellular,11,aug,212,2,-1,0,unknown,no
48,blue-collar,married,primary,no,3886,no,no,cellular,11,aug,297,2,-1,0,unknown,no
33,management,married,tertiary,no,644,no,no,cellular,11,aug,99,2,-1,0,unknown,no
60,retired,married,secondary,no,1210,no,no,cellular,11,aug,231,2,-1,0,unknown,no
41,technician,divorced,tertiary,no,3465,yes,no,cellular,11,aug,389,4,-1,0,unknown,no
49,technician,divorced,tertiary,no,917,no,no,cellular,11,aug,165,6,-1,0,unknown,no
53,management,married,tertiary,no,0,no,no,cellular,11,aug,608,2,-1,0,unknown,yes
31,management,divorced,tertiary,no,416,no,no,cellular,11,aug,33,2,-1,0,unknown,no
55,services,married,secondary,no,2120,no,no,cellular,11,aug,236,3,-1,0,unknown,no
39,technician,married,secondary,no,3663,no,no,cellular,11,aug,230,3,-1,0,unknown,no
32,technician,married,secondary,no,1568,no,no,cellular,12,aug,161,6,-1,0,unknown,no
56,blue-collar,married,secondary,no,2395,no,no,cellular,12,aug,150,2,-1,0,unknown,no
46,entrepreneur,married,secondary,no,-880,no,yes,cellular,12,aug,185,2,-1,0,unknown,no
30,technician,single,secondary,no,700,yes,no,cellular,12,aug,73,2,-1,0,unknown,no
31,technician,single,tertiary,no,438,yes,no,cellular,12,aug,130,2,-1,0,unknown,no
34,housemaid,married,tertiary,no,897,no,no,cellular,12,aug,197,4,-1,0,unknown,no
54,management,married,tertiary,no,1411,no,no,cellular,12,aug,56,2,-1,0,unknown,no
34,self-employed,married,tertiary,no,0,no,no,cellular,12,aug,117,4,-1,0,unknown,no
49,blue-collar,married,secondary,no,553,no,no,cellular,12,aug,645,8,-1,0,unknown,yes
31,management,divorced,tertiary,no,297,no,no,cellular,12,aug,127,1,-1,0,unknown,no
42,technician,married,tertiary,no,250,no,yes,cellular,12,aug,213,3,-1,0,unknown,no
30,management,single,tertiary,no,9634,no,no,cellular,12,aug,781,5,-1,0,unknown,no
47,unemployed,married,secondary,no,432,no,no,cellular,13,aug,334,2,-1,0,unknown,no
56,services,married,secondary,no,0,no,no,cellular,13,aug,112,4,-1,0,unknown,no
58,retired,married,tertiary,no,1669,no,no,cellular,13,aug,109,2,-1,0,unknown,no
52,management,divorced,tertiary,no,95,no,no,cellular,13,aug,91,2,-1,0,unknown,no
55,technician,married,secondary,no,303,no,yes,cellular,13,aug,261,2,-1,0,unknown,no
40,technician,divorced,secondary,no,275,no,no,cellular,13,aug,409,4,-1,0,unknown,no
35,technician,divorced,secondary,no,3549,yes,no,cellular,13,aug,250,4,-1,0,unknown,no
47,housemaid,married,primary,no,183,no,no,cellular,13,aug,144,1,-1,0,unknown,no
36,management,married,tertiary,no,396,no,no,cellular,13,aug,67,5,-1,0,unknown,no
30,admin.,married,tertiary,no,631,no,no,cellular,13,aug,293,3,-1,0,unknown,no
50,blue-collar,divorced,primary,no,171,no,no,cellular,14,aug,75,3,-1,0,unknown,no
54,services,married,secondary,no,869,no,no,cellular,14,aug,152,2,-1,0,unknown,no
57,unknown,married,primary,no,270,no,no,cellular,14,aug,526,2,-1,0,unknown,no
52,blue-collar,married,unknown,no,51,no,no,cellular,14,aug,935,2,-1,0,unknown,no
47,blue-collar,married,primary,no,673,no,yes,cellular,14,aug,106,6,-1,0,unknown,no
51,management,divorced,tertiary,no,311,no,no,telephone,14,aug,122,2,-1,0,unknown,no
39,management,married,tertiary,no,2985,no,no,cellular,14,aug,91,2,-1,0,unknown,no
30,management,single,tertiary,no,409,yes,no,cellular,14,aug,120,4,-1,0,unknown,no
33,unemployed,single,tertiary,no,6748,no,no,cellular,14,aug,1579,2,-1,0,unknown,yes
60,housemaid,married,unknown,no,5421,no,no,cellular,18,aug,458,4,-1,0,unknown,no
46,housemaid,married,secondary,no,1000,no,no,cellular,18,aug,96,11,-1,0,unknown,no
34,management,married,tertiary,no,0,no,no,cellular,18,aug,431,6,-1,0,unknown,no
32,technician,divorced,tertiary,no,3628,no,no,cellular,18,aug,130,2,-1,0,unknown,no
36,technician,single,tertiary,no,53,no,yes,cellular,18,aug,64,7,-1,0,unknown,no
43,technician,single,tertiary,no,140,no,no,cellular,18,aug,192,7,-1,0,unknown,no
37,technician,single,secondary,no,1435,no,no,cellular,18,aug,724,16,-1,0,unknown,yes
60,technician,married,secondary,no,0,no,no,cellular,19,aug,83,2,-1,0,unknown,no
49,admin.,married,tertiary,no,-962,yes,no,cellular,19,aug,295,2,-1,0,unknown,no
33,management,single,tertiary,no,3655,no,no,cellular,19,aug,183,20,-1,0,unknown,no
37,entrepreneur,married,secondary,no,46,no,yes,cellular,19,aug,119,4,-1,0,unknown,no
58,retired,married,secondary,no,0,no,no,cellular,19,aug,153,2,-1,0,unknown,no
35,management,married,tertiary,no,299,no,no,cellular,19,aug,1059,5,-1,0,unknown,no
58,retired,married,tertiary,no,258,no,yes,cellular,19,aug,285,1,-1,0,unknown,no
46,technician,married,secondary,no,167,no,no,cellular,19,aug,155,3,-1,0,unknown,no
39,technician,single,secondary,no,-225,no,no,cellular,19,aug,220,1,-1,0,unknown,no
41,technician,single,tertiary,no,15302,no,no,cellular,19,aug,121,4,-1,0,unknown,no
53,blue-collar,married,secondary,yes,-634,no,no,cellular,19,aug,695,3,-1,0,unknown,no
38,technician,single,secondary,no,367,no,no,cellular,20,aug,128,2,-1,0,unknown,no
43,entrepreneur,married,secondary,no,469,no,yes,cellular,20,aug,89,2,-1,0,unknown,no
30,management,married,tertiary,no,1390,no,no,cellular,20,aug,552,4,-1,0,unknown,no
34,management,married,tertiary,no,0,no,no,cellular,20,aug,263,2,-1,0,unknown,no
32,technician,single,secondary,no,-22,yes,no,cellular,20,aug,215,2,-1,0,unknown,no
53,blue-collar,married,primary,no,-39,yes,no,cellular,20,aug,87,2,-1,0,unknown,no
39,housemaid,married,secondary,no,-146,yes,yes,cellular,20,aug,239,2,-1,0,unknown,no
30,technician,single,secondary,no,790,no,no,cellular,20,aug,696,3,-1,0,unknown,no
54,unknown,married,unknown,no,390,no,no,cellular,20,aug,68,5,-1,0,unknown,no
48,management,married,tertiary,no,1567,yes,no,cellular,20,aug,77,3,-1,0,unknown,no
59,retired,married,primary,no,56,no,no,cellular,21,aug,432,5,-1,0,unknown,no
33,management,married,tertiary,no,51,yes,no,cellular,21,aug,273,2,-1,0,unknown,no
42,management,single,tertiary,yes,0,no,yes,cellular,21,aug,384,5,-1,0,unknown,no
31,management,single,tertiary,no,0,no,no,cellular,21,aug,243,2,-1,0,unknown,no
34,management,single,tertiary,no,0,no,no,cellular,21,aug,183,2,-1,0,unknown,no
34,management,divorced,tertiary,no,0,no,no,cellular,21,aug,123,2,-1,0,unknown,no
54,self-employed,married,secondary,no,77,no,no,cellular,21,aug,180,4,-1,0,unknown,no
45,blue-collar,married,secondary,no,1179,no,no,cellular,21,aug,172,6,-1,0,unknown,no
37,self-employed,married,secondary,no,744,yes,yes,cellular,21,aug,161,3,-1,0,unknown,no
49,technician,divorced,secondary,no,57,no,no,cellular,21,aug,396,3,-1,0,unknown,no
31,housemaid,married,primary,no,25,no,no,cellular,21,aug,169,5,-1,0,unknown,no
47,self-employed,married,secondary,no,3279,no,no,cellular,21,aug,189,4,-1,0,unknown,no
42,management,married,tertiary,no,37,no,no,cellular,21,aug,299,1,-1,0,unknown,no
31,technician,married,tertiary,no,22,no,no,cellular,22,aug,122,5,-1,0,unknown,no
34,technician,married,secondary,no,260,yes,no,cellular,22,aug,142,2,-1,0,unknown,no
39,management,single,tertiary,no,968,yes,no,cellular,22,aug,199,6,-1,0,unknown,no
59,retired,married,primary,no,0,no,no,cellular,22,aug,460,1,-1,0,unknown,no
30,technician,single,tertiary,no,0,no,no,cellular,22,aug,121,2,-1,0,unknown,no
33,management,single,secondary,no,15,no,no,cellular,22,aug,199,1,-1,0,unknown,no
33,technician,single,tertiary,no,0,no,no,cellular,22,aug,135,3,-1,0,unknown,no
55,blue-collar,married,secondary,no,467,no,no,cellular,25,aug,129,5,-1,0,unknown,no
42,technician,divorced,tertiary,no,343,no,no,cellular,25,aug,87,4,-1,0,unknown,no
49,management,divorced,tertiary,no,112,no,no,cellular,25,aug,62,10,-1,0,unknown,no
58,blue-collar,married,primary,no,0,no,no,telephone,25,aug,176,5,-1,0,unknown,no
44,management,married,tertiary,no,-68,no,yes,cellular,25,aug,121,4,-1,0,unknown,no
30,management,single,tertiary,no,73,no,no,cellular,25,aug,114,6,-1,0,unknown,no
33,management,married,tertiary,no,130,no,no,cellular,25,aug,121,8,-1,0,unknown,no
31,technician,single,tertiary,no,23,no,no,cellular,25,aug,121,3,-1,0,unknown,no
33,technician,single,secondary,no,121,no,no,cellular,26,aug,210,6,-1,0,unknown,no
49,services,married,secondary,no,0,no,no,cellular,26,aug,189,4,-1,0,unknown,no
48,management,married,primary,no,2537,no,no,cellular,26,aug,219,6,-1,0,unknown,no
44,management,married,tertiary,no,254,no,no,cellular,26,aug,224,6,-1,0,unknown,no
49,blue-collar,married,secondary,no,2673,no,no,cellular,27,aug,219,4,-1,0,unknown,no
35,technician,divorced,secondary,no,1085,no,no,cellular,27,aug,130,10,-1,0,unknown,no
42,technician,divorced,secondary,no,324,yes,no,cellular,27,aug,203,2,-1,0,unknown,no
36,technician,married,secondary,no,25,no,no,cellular,27,aug,127,4,-1,0,unknown,no
49,blue-collar,married,secondary,no,24,no,yes,cellular,27,aug,168,3,-1,0,unknown,no
32,technician,married,tertiary,no,1868,no,no,cellular,27,aug,186,16,-1,0,unknown,no
32,technician,married,secondary,no,616,yes,no,cellular,27,aug,118,7,-1,0,unknown,no
30,management,married,tertiary,no,0,yes,no,cellular,27,aug,453,4,-1,0,unknown,no
34,admin.,married,secondary,no,510,no,no,cellular,27,aug,33,7,-1,0,unknown,no
41,technician,single,secondary,no,294,yes,no,cellular,28,aug,150,14,-1,0,unknown,no
34,entrepreneur,married,secondary,no,456,yes,yes,cellular,28,aug,137,8,-1,0,unknown,no
30,technician,single,tertiary,no,187,no,no,cellular,28,aug,66,4,-1,0,unknown,no
39,management,married,tertiary,no,0,no,no,cellular,28,aug,93,25,-1,0,unknown,no
58,housemaid,married,primary,no,7881,no,no,cellular,28,aug,507,8,-1,0,unknown,no
40,technician,married,secondary,yes,0,no,no,cellular,28,aug,147,2,-1,0,unknown,no
33,management,married,tertiary,no,968,no,yes,cellular,28,aug,95,10,-1,0,unknown,no
60,retired,married,secondary,no,4,no,no,cellular,28,aug,602,3,-1,0,unknown,no
60,retired,married,tertiary,no,872,no,no,telephone,28,aug,37,5,-1,0,unknown,no
35,technician,single,secondary,no,634,yes,no,cellular,29,aug,122,2,-1,0,unknown,no
48,management,married,tertiary,no,494,no,no,cellular,29,aug,81,8,-1,0,unknown,no
37,technician,married,secondary,no,449,yes,no,cellular,29,aug,59,4,-1,0,unknown,no
45,technician,married,secondary,no,183,no,no,cellular,29,aug,27,4,-1,0,unknown,no
43,technician,single,tertiary,yes,0,no,no,cellular,29,aug,73,4,-1,0,unknown,no
36,technician,single,secondary,no,3254,yes,no,unknown,27,oct,207,1,-1,0,unknown,yes
43,self-employed,married,primary,no,0,yes,no,telephone,30,oct,81,1,-1,0,unknown,no
35,unemployed,single,secondary,no,127,yes,no,telephone,14,nov,162,1,-1,0,unknown,yes
48,admin.,divorced,secondary,no,295,yes,no,cellular,17,nov,123,1,164,2,success,no
49,technician,divorced,secondary,no,7,yes,yes,cellular,17,nov,50,1,-1,0,unknown,no
43,management,married,tertiary,no,0,yes,no,cellular,17,nov,110,1,-1,0,unknown,no
40,management,married,tertiary,no,5010,no,no,cellular,17,nov,49,1,-1,0,unknown,no
36,self-employed,married,tertiary,no,7343,no,no,cellular,17,nov,78,1,-1,0,unknown,no
33,management,married,tertiary,no,685,no,no,unknown,17,nov,53,1,-1,0,unknown,no
31,management,married,tertiary,no,898,no,no,cellular,17,nov,578,1,-1,0,unknown,no
46,management,married,tertiary,no,716,yes,yes,cellular,17,nov,106,1,-1,0,unknown,no
32,blue-collar,single,primary,no,1918,yes,no,cellular,17,nov,321,1,-1,0,unknown,no
33,admin.,married,tertiary,no,585,yes,no,cellular,17,nov,131,1,-1,0,unknown,no
48,management,married,tertiary,no,5326,no,no,cellular,17,nov,116,2,-1,0,unknown,no
37,admin.,married,tertiary,no,0,yes,no,cellular,17,nov,65,2,119,1,failure,no
38,blue-collar,married,primary,no,0,yes,no,cellular,17,nov,78,2,193,2,failure,no
47,management,married,secondary,no,794,yes,yes,cellular,17,nov,564,2,-1,0,unknown,no
38,technician,single,secondary,no,1255,yes,no,cellular,17,nov,151,2,171,2,failure,no
36,blue-collar,married,secondary,no,0,yes,no,cellular,17,nov,273,2,131,1,failure,no
48,technician,married,unknown,no,2106,yes,no,cellular,17,nov,499,2,195,1,failure,no
53,technician,divorced,secondary,no,453,no,no,cellular,17,nov,148,2,-1,0,unknown,no
46,self-employed,married,tertiary,no,0,yes,yes,cellular,17,nov,258,1,-1,0,unknown,no
42,technician,married,secondary,no,525,no,no,cellular,17,nov,172,3,-1,0,unknown,no
44,management,married,tertiary,no,756,yes,no,cellular,18,nov,65,1,130,2,failure,no
34,management,married,tertiary,no,417,yes,no,cellular,18,nov,138,1,-1,0,unknown,no
30,services,married,secondary,no,33,no,no,cellular,18,nov,36,1,-1,0,unknown,no
31,management,married,tertiary,no,2,yes,no,cellular,18,nov,224,1,-1,0,unknown,no
57,admin.,married,secondary,no,1509,yes,no,cellular,18,nov,509,1,-1,0,unknown,no
35,unemployed,single,secondary,no,3854,yes,no,cellular,18,nov,132,2,-1,0,unknown,no
39,technician,married,tertiary,no,4313,yes,no,unknown,18,nov,272,2,-1,0,unknown,no
33,services,single,tertiary,no,0,yes,no,cellular,18,nov,199,1,-1,0,unknown,no
55,technician,single,secondary,no,2043,yes,no,cellular,18,nov,655,1,-1,0,unknown,no
43,entrepreneur,single,primary,no,103,yes,no,cellular,18,nov,53,1,183,5,failure,no
31,blue-collar,married,secondary,no,5345,yes,no,cellular,18,nov,260,1,-1,0,unknown,no
50,management,married,tertiary,no,-151,yes,no,cellular,18,nov,63,2,-1,0,unknown,no
50,admin.,single,secondary,no,642,no,no,cellular,18,nov,435,1,-1,0,unknown,no
54,management,married,tertiary,no,214,yes,no,cellular,18,nov,68,1,-1,0,unknown,no
38,blue-collar,married,secondary,no,2008,yes,no,cellular,18,nov,354,1,-1,0,unknown,no
48,management,married,tertiary,no,1600,no,no,cellular,18,nov,448,1,-1,0,unknown,no
34,management,married,tertiary,no,10031,yes,no,cellular,18,nov,65,2,-1,0,unknown,no
34,services,divorced,secondary,no,107,no,yes,cellular,18,nov,110,2,-1,0,unknown,no
47,admin.,single,secondary,no,2540,no,no,cellular,18,nov,110,5,-1,0,unknown,no
40,management,married,tertiary,no,5,yes,no,cellular,18,nov,219,3,-1,0,unknown,no
36,management,married,tertiary,no,-92,no,yes,cellular,18,nov,196,3,-1,0,unknown,no
39,blue-collar,married,secondary,no,0,yes,no,cellular,18,nov,420,2,-1,0,unknown,no
49,management,married,tertiary,no,1430,no,no,cellular,18,nov,231,2,-1,0,unknown,no
39,unemployed,married,tertiary,no,1108,yes,no,cellular,18,nov,191,2,-1,0,unknown,no
32,services,married,secondary,no,4885,yes,yes,cellular,18,nov,400,2,-1,0,unknown,no
40,technician,married,secondary,no,7313,yes,no,cellular,18,nov,241,2,182,1,failure,no
40,self-employed,married,tertiary,no,642,no,no,cellular,18,nov,147,3,-1,0,unknown,no
50,unemployed,married,secondary,no,525,yes,no,telephone,18,nov,177,2,-1,0,unknown,no
40,technician,divorced,secondary,no,5674,yes,no,cellular,18,nov,84,1,-1,0,unknown,no
32,technician,single,tertiary,no,-311,no,no,cellular,18,nov,218,2,-1,0,unknown,no
47,management,divorced,tertiary,no,0,yes,yes,cellular,18,nov,203,3,-1,0,unknown,no
42,blue-collar,married,secondary,no,681,yes,no,cellular,18,nov,203,1,-1,0,unknown,no
34,entrepreneur,married,secondary,no,1368,yes,no,cellular,18,nov,252,2,-1,0,unknown,no
52,management,married,tertiary,no,488,yes,no,cellular,19,nov,60,3,-1,0,unknown,no
45,entrepreneur,married,tertiary,no,2185,yes,no,cellular,19,nov,167,4,-1,0,unknown,no
40,management,married,tertiary,no,12409,yes,no,cellular,19,nov,140,1,99,2,failure,no
39,blue-collar,single,primary,no,6,yes,no,cellular,19,nov,286,2,-1,0,unknown,no
56,management,married,tertiary,no,705,no,no,cellular,19,nov,164,2,-1,0,unknown,no
31,blue-collar,married,secondary,no,69,no,no,cellular,19,nov,640,1,-1,0,unknown,no
33,self-employed,married,tertiary,no,-103,yes,no,cellular,19,nov,149,2,175,1,failure,no
43,technician,divorced,secondary,no,6835,no,no,cellular,19,nov,187,1,152,2,failure,no
59,retired,married,secondary,no,2291,no,yes,cellular,19,nov,190,1,128,3,failure,no
34,management,divorced,tertiary,no,0,yes,no,cellular,19,nov,1283,1,-1,0,unknown,no
37,services,married,secondary,no,523,yes,no,telephone,19,nov,21,1,-1,0,unknown,no
49,admin.,married,secondary,no,1697,yes,no,cellular,19,nov,236,1,-1,0,unknown,no
59,retired,married,primary,no,741,no,no,cellular,19,nov,194,2,152,2,failure,no
52,services,divorced,secondary,no,3204,no,no,cellular,19,nov,77,1,-1,0,unknown,no
49,unemployed,married,primary,no,126,yes,no,cellular,19,nov,184,2,-1,0,unknown,no
42,entrepreneur,divorced,secondary,no,3780,yes,no,cellular,19,nov,104,3,-1,0,unknown,no
30,blue-collar,married,secondary,no,913,yes,yes,cellular,19,nov,433,2,-1,0,unknown,no
32,services,single,secondary,no,80,yes,no,telephone,19,nov,475,2,-1,0,unknown,no
32,unemployed,married,secondary,no,0,no,no,cellular,19,nov,303,3,-1,0,unknown,no
35,management,married,tertiary,no,787,no,no,cellular,20,nov,49,1,-1,0,unknown,no
34,technician,married,secondary,no,210,yes,yes,cellular,20,nov,199,1,-1,0,unknown,no
39,admin.,married,secondary,no,3655,no,no,cellular,20,nov,422,1,-1,0,unknown,no
33,admin.,married,secondary,no,7,yes,no,cellular,20,nov,203,1,-1,0,unknown,no
59,retired,married,secondary,no,11,no,no,cellular,20,nov,318,2,-1,0,unknown,no
33,self-employed,married,tertiary,no,3064,no,no,cellular,20,nov,309,1,-1,0,unknown,no
32,services,single,secondary,no,5806,yes,no,cellular,20,nov,1503,2,-1,0,unknown,yes
45,admin.,divorced,secondary,no,8032,no,no,cellular,20,nov,73,1,-1,0,unknown,no
55,technician,married,secondary,no,9774,yes,no,cellular,20,nov,227,1,-1,0,unknown,no
30,blue-collar,married,secondary,no,399,no,yes,cellular,20,nov,282,2,-1,0,unknown,no
38,blue-collar,married,secondary,no,0,no,no,cellular,20,nov,266,3,-1,0,unknown,no
32,management,single,secondary,no,3829,no,yes,cellular,20,nov,267,1,-1,0,unknown,no
43,self-employed,married,tertiary,no,6424,no,no,cellular,20,nov,55,1,-1,0,unknown,no
47,management,married,tertiary,no,437,yes,no,cellular,20,nov,133,4,-1,0,unknown,no
33,management,single,tertiary,no,2360,yes,no,cellular,20,nov,268,1,-1,0,unknown,no
31,blue-collar,married,tertiary,no,-35,no,no,cellular,20,nov,952,2,-1,0,unknown,yes
31,admin.,married,secondary,no,2304,yes,no,cellular,20,nov,257,2,-1,0,unknown,no
42,management,married,tertiary,no,4014,yes,no,cellular,21,nov,149,4,186,1,other,no
41,management,married,tertiary,no,1735,yes,no,cellular,21,nov,358,3,-1,0,unknown,no
45,services,married,secondary,no,507,no,yes,cellular,21,nov,304,2,-1,0,unknown,no
37,technician,single,tertiary,no,6889,yes,no,cellular,21,nov,1221,1,-1,0,unknown,no
39,blue-collar,single,secondary,no,4619,no,no,cellular,21,nov,104,1,-1,0,unknown,no
30,unemployed,divorced,tertiary,no,1718,yes,no,cellular,21,nov,73,4,126,2,failure,no
35,self-employed,married,primary,no,2086,yes,no,cellular,21,nov,254,7,-1,0,unknown,no
35,unemployed,married,secondary,yes,1054,yes,yes,cellular,21,nov,106,1,-1,0,unknown,no
58,blue-collar,married,primary,no,3108,no,yes,cellular,21,nov,53,1,-1,0,unknown,no
42,technician,married,secondary,no,3228,no,no,cellular,21,nov,133,1,-1,0,unknown,no
31,management,single,tertiary,no,528,no,yes,cellular,21,nov,5,7,-1,0,unknown,no
38,entrepreneur,married,tertiary,no,1514,no,yes,cellular,21,nov,160,3,120,3,failure,no
39,technician,married,secondary,no,0,yes,yes,cellular,21,nov,83,1,-1,0,unknown,no
31,management,married,tertiary,no,4148,yes,no,cellular,21,nov,316,3,99,9,other,yes
54,unemployed,single,primary,no,199,yes,no,cellular,21,nov,532,1,-1,0,unknown,no
57,technician,married,secondary,no,29207,yes,no,telephone,21,nov,232,2,-1,0,unknown,no
32,technician,single,tertiary,no,2204,yes,no,cellular,21,nov,11,4,-1,0,unknown,no
37,management,married,tertiary,no,11391,yes,no,cellular,21,nov,103,1,-1,0,unknown,no
35,technician,single,secondary,no,391,no,no,cellular,21,nov,152,1,-1,0,unknown,no
59,management,married,tertiary,no,833,yes,yes,cellular,21,nov,311,1,-1,0,unknown,no
30,admin.,married,secondary,no,4457,yes,no,cellular,21,nov,566,4,-1,0,unknown,yes
40,management,married,tertiary,no,1584,yes,no,telephone,21,nov,661,1,-1,0,unknown,no
34,unknown,married,secondary,no,1434,no,no,cellular,21,nov,50,2,-1,0,unknown,no
40,services,married,secondary,no,0,yes,no,cellular,21,nov,43,1,185,2,failure,no
55,blue-collar,married,primary,no,1937,yes,no,telephone,21,nov,64,3,-1,0,unknown,no
34,services,married,secondary,no,1637,yes,no,cellular,21,nov,107,4,-1,0,unknown,no
52,blue-collar,married,secondary,no,580,no,no,cellular,21,nov,965,2,-1,0,unknown,yes
32,services,single,secondary,no,344,no,yes,cellular,21,nov,21,7,141,9,other,no
44,unemployed,married,secondary,no,0,no,no,cellular,21,nov,175,4,-1,0,unknown,no
26,admin.,single,secondary,no,609,no,no,telephone,28,jan,112,1,-1,0,unknown,no
38,blue-collar,married,secondary,no,67,no,no,cellular,28,jan,74,1,239,2,failure,no
47,technician,married,secondary,no,459,no,no,cellular,28,jan,226,1,-1,0,unknown,no
45,housemaid,divorced,secondary,no,31,yes,no,cellular,28,jan,280,1,-1,0,unknown,no
54,admin.,married,secondary,yes,-1089,no,yes,cellular,28,jan,105,2,-1,0,unknown,no
44,entrepreneur,married,tertiary,no,3463,yes,yes,cellular,28,jan,290,2,153,3,failure,no
28,services,single,secondary,no,0,no,no,cellular,28,jan,452,1,-1,0,unknown,no
46,technician,divorced,tertiary,no,0,no,no,cellular,28,jan,1199,2,-1,0,unknown,yes
49,technician,married,secondary,no,177,yes,yes,cellular,28,jan,90,1,204,1,failure,no
57,services,divorced,primary,no,818,no,no,cellular,28,jan,208,1,-1,0,unknown,no
59,retired,divorced,secondary,no,208,no,yes,cellular,28,jan,503,2,-1,0,unknown,no
31,services,single,secondary,no,374,no,no,telephone,28,jan,49,4,-1,0,unknown,no
54,admin.,married,secondary,no,0,yes,no,cellular,29,jan,46,1,-1,0,unknown,no
55,technician,married,secondary,no,273,yes,no,cellular,29,jan,84,3,183,3,failure,no
38,entrepreneur,single,tertiary,no,-274,yes,yes,cellular,29,jan,103,1,247,2,failure,no
26,blue-collar,single,primary,no,941,no,no,cellular,29,jan,1165,1,-1,0,unknown,yes
26,unemployed,married,primary,no,205,no,no,cellular,29,jan,239,1,-1,0,unknown,no
39,blue-collar,single,tertiary,no,263,yes,no,cellular,29,jan,160,1,199,6,failure,no
53,management,married,tertiary,no,232,yes,no,telephone,29,jan,32,1,-1,0,unknown,no
34,technician,married,tertiary,no,16992,yes,no,cellular,29,jan,71,1,245,1,failure,no
35,unemployed,single,tertiary,no,4959,no,no,cellular,29,jan,91,2,-1,0,unknown,no
26,technician,married,secondary,no,523,no,no,cellular,29,jan,216,1,-1,0,unknown,no
50,retired,married,secondary,no,1227,no,no,cellular,29,jan,380,2,-1,0,unknown,no
28,technician,single,tertiary,no,959,yes,no,cellular,29,jan,330,2,-1,0,unknown,no
39,technician,married,tertiary,no,1889,no,no,cellular,29,jan,108,2,-1,0,unknown,no
31,self-employed,married,tertiary,no,229,no,no,cellular,29,jan,184,1,-1,0,unknown,no
38,technician,divorced,secondary,no,531,no,no,cellular,29,jan,214,3,226,7,failure,no
29,technician,single,tertiary,no,370,yes,no,cellular,29,jan,119,2,251,5,failure,no
34,admin.,single,tertiary,no,2045,no,no,cellular,29,jan,146,2,-1,0,unknown,no
27,blue-collar,single,secondary,no,1049,no,no,telephone,29,jan,389,3,-1,0,unknown,no
29,unemployed,single,primary,no,115,no,no,cellular,29,jan,61,2,-1,0,unknown,no
30,technician,single,tertiary,no,6683,no,no,cellular,30,jan,180,1,-1,0,unknown,no
26,housemaid,married,tertiary,no,543,no,no,cellular,30,jan,169,3,-1,0,unknown,no
38,unemployed,married,secondary,no,0,yes,yes,cellular,30,jan,437,1,-1,0,unknown,no
31,management,married,tertiary,no,1400,yes,no,cellular,30,jan,175,2,2,1,other,no
41,technician,divorced,secondary,no,692,yes,no,cellular,30,jan,249,3,245,3,failure,no
37,management,divorced,tertiary,no,88,no,no,cellular,2,feb,608,1,-1,0,unknown,no
40,management,married,tertiary,no,432,yes,yes,cellular,2,feb,101,1,-1,0,unknown,no
59,retired,married,primary,no,866,no,yes,cellular,2,feb,88,1,208,1,other,no
41,services,divorced,secondary,no,0,yes,no,cellular,2,feb,20,1,-1,0,unknown,no
51,technician,divorced,tertiary,no,3962,yes,no,cellular,2,feb,267,1,-1,0,unknown,no
35,technician,divorced,secondary,no,2823,yes,no,cellular,2,feb,229,1,-1,0,unknown,no
34,blue-collar,married,secondary,no,-271,yes,yes,cellular,2,feb,90,1,252,2,failure,no
40,retired,married,primary,no,407,yes,no,cellular,2,feb,200,1,271,1,failure,no
56,blue-collar,married,secondary,no,659,yes,no,cellular,2,feb,148,1,188,3,failure,no
30,admin.,single,secondary,no,585,no,yes,cellular,2,feb,7,6,-1,0,unknown,no
27,management,single,tertiary,yes,1414,yes,no,cellular,2,feb,95,1,-1,0,unknown,no
59,blue-collar,married,primary,no,0,no,no,cellular,2,feb,173,1,-1,0,unknown,no
45,management,married,tertiary,no,474,yes,yes,cellular,2,feb,190,4,264,4,failure,no
49,admin.,married,secondary,no,359,yes,no,cellular,2,feb,231,2,271,1,failure,no
31,admin.,single,secondary,no,338,no,no,cellular,2,feb,155,2,-1,0,unknown,no
33,admin.,married,secondary,no,3519,no,no,cellular,2,feb,161,1,-1,0,unknown,no
57,admin.,married,secondary,no,567,yes,no,cellular,2,feb,87,2,265,3,other,no
75,retired,divorced,primary,no,46,no,no,cellular,2,feb,294,1,-1,0,unknown,no
26,self-employed,single,tertiary,no,458,yes,yes,cellular,2,feb,117,7,-1,0,unknown,no
57,retired,married,secondary,no,485,no,no,cellular,2,feb,79,2,187,2,failure,no
51,technician,married,secondary,no,100,no,no,cellular,2,feb,467,2,-1,0,unknown,yes
49,technician,married,secondary,no,1811,yes,yes,cellular,2,feb,168,2,245,1,other,no
26,management,single,tertiary,no,1720,no,no,cellular,3,feb,383,1,-1,0,unknown,no
28,entrepreneur,married,tertiary,no,59,no,no,cellular,3,feb,330,3,190,6,failure,no
31,admin.,married,secondary,no,-106,yes,no,cellular,3,feb,258,4,-1,0,unknown,no
52,services,married,primary,no,3016,yes,yes,cellular,3,feb,142,1,-1,0,unknown,no
52,entrepreneur,divorced,tertiary,no,199,yes,yes,cellular,3,feb,373,1,236,2,failure,no
41,management,married,tertiary,no,0,no,no,cellular,3,feb,858,1,-1,0,unknown,no
49,admin.,married,secondary,no,1403,no,no,cellular,3,feb,124,2,180,2,failure,no
43,management,married,tertiary,no,5082,no,no,cellular,3,feb,99,3,-1,0,unknown,no
32,technician,single,secondary,no,13565,no,no,cellular,3,feb,613,2,-1,0,unknown,no
42,blue-collar,married,primary,no,-97,yes,no,cellular,3,feb,216,4,271,5,failure,no
42,technician,married,tertiary,no,725,yes,yes,telephone,3,feb,124,3,252,3,failure,no
57,management,married,secondary,no,82,no,yes,telephone,4,feb,140,1,-1,0,unknown,no
59,unemployed,married,secondary,no,4497,yes,no,cellular,4,feb,213,1,251,1,failure,no
36,student,single,unknown,no,449,no,no,cellular,4,feb,166,2,-1,0,unknown,no
37,management,married,secondary,no,2442,no,no,cellular,4,feb,97,1,-1,0,unknown,no
46,blue-collar,single,secondary,no,374,no,yes,cellular,4,feb,23,5,7,2,other,no
32,technician,divorced,secondary,no,202,yes,no,cellular,4,feb,429,1,201,1,failure,no
34,admin.,divorced,secondary,no,531,no,no,cellular,4,feb,279,1,-1,0,unknown,no
42,blue-collar,married,primary,no,454,yes,no,cellular,4,feb,23,3,-1,0,unknown,no
47,unemployed,single,primary,no,7351,no,no,cellular,4,feb,1060,3,-1,0,unknown,no
38,technician,single,secondary,no,571,no,no,cellular,4,feb,275,3,-1,0,unknown,no
50,blue-collar,single,secondary,no,-111,yes,no,cellular,5,feb,19,11,-1,0,unknown,no
57,management,married,tertiary,no,297,no,no,cellular,5,feb,633,1,-1,0,unknown,no
27,admin.,single,secondary,no,592,yes,yes,cellular,5,feb,466,3,-1,0,unknown,no
60,unemployed,divorced,secondary,no,4,no,no,telephone,5,feb,882,2,-1,0,unknown,no
42,blue-collar,married,secondary,no,366,yes,no,cellular,5,feb,150,1,-1,0,unknown,no
42,blue-collar,single,primary,no,1628,yes,no,cellular,5,feb,119,1,195,8,success,no
27,technician,single,secondary,no,63,no,no,cellular,5,feb,98,1,-1,0,unknown,no
34,management,single,tertiary,no,3,no,no,cellular,5,feb,16,5,-1,0,unknown,no
42,technician,single,secondary,no,541,yes,no,cellular,5,feb,656,1,-1,0,unknown,yes
60,retired,married,tertiary,no,6684,yes,yes,cellular,5,feb,173,1,-1,0,unknown,no
37,student,single,secondary,no,681,no,no,cellular,5,feb,187,1,8,1,other,no
36,management,married,tertiary,no,0,yes,no,cellular,5,feb,245,2,8,1,other,no
36,student,single,secondary,no,624,no,no,cellular,5,feb,518,2,8,1,other,no
28,technician,married,tertiary,no,510,yes,no,cellular,5,feb,110,2,-1,0,unknown,no
34,technician,single,secondary,no,403,no,no,cellular,5,feb,319,2,-1,0,unknown,no
55,technician,married,secondary,no,312,no,no,cellular,6,feb,13,8,9,3,other,no
41,unemployed,married,primary,no,-117,yes,no,telephone,6,feb,117,6,-1,0,unknown,no
33,technician,single,secondary,no,2583,no,no,cellular,6,feb,129,1,-1,0,unknown,no
50,technician,divorced,secondary,no,-298,yes,no,cellular,6,feb,68,8,-1,0,unknown,no
55,unemployed,single,primary,no,274,no,no,cellular,9,feb,7,5,-1,0,unknown,no
33,management,divorced,tertiary,no,-848,yes,no,telephone,9,feb,12,12,256,2,other,no
46,admin.,married,unknown,no,1106,no,no,telephone,9,feb,14,13,-1,0,unknown,no
35,unemployed,single,primary,yes,-84,no,no,cellular,9,feb,19,11,-1,0,unknown,no
31,technician,single,secondary,no,2088,no,no,cellular,9,feb,15,14,-1,0,unknown,no
28,admin.,single,tertiary,no,164,yes,no,cellular,9,feb,92,7,-1,0,unknown,no
42,management,single,tertiary,no,1285,yes,no,cellular,9,feb,21,3,252,4,other,no
32,student,single,tertiary,no,1138,no,no,telephone,10,feb,402,3,-1,0,unknown,yes
30,unemployed,single,tertiary,no,302,no,no,cellular,11,feb,528,3,-1,0,unknown,yes
54,management,married,tertiary,no,2960,yes,no,cellular,13,feb,94,9,85,1,failure,no
37,technician,single,secondary,no,1130,no,no,cellular,26,feb,152,1,-1,0,unknown,yes
36,admin.,married,secondary,no,725,yes,no,cellular,27,feb,123,3,99,8,failure,no
31,management,married,tertiary,no,2667,yes,no,cellular,2,mar,73,2,-1,0,unknown,no
55,technician,married,secondary,no,0,yes,yes,cellular,2,mar,116,1,-1,0,unknown,yes
26,admin.,married,secondary,no,1595,no,no,cellular,2,mar,54,1,-1,0,unknown,no
33,admin.,married,tertiary,no,21,no,yes,cellular,2,mar,202,2,-1,0,unknown,no
47,technician,married,secondary,no,293,no,no,cellular,3,mar,499,1,-1,0,unknown,yes
23,student,single,secondary,no,486,no,no,cellular,3,mar,87,1,-1,0,unknown,no
53,management,married,secondary,no,2693,no,no,cellular,5,mar,90,1,104,1,failure,yes
58,self-employed,married,tertiary,no,5810,no,no,cellular,12,mar,139,1,-1,0,unknown,yes
37,services,single,secondary,no,1045,no,no,cellular,17,mar,406,2,41,1,failure,yes
53,management,divorced,tertiary,no,2245,no,no,cellular,24,mar,125,2,-1,0,unknown,no
76,retired,divorced,primary,no,3049,no,no,cellular,24,mar,170,3,-1,0,unknown,yes
27,management,single,tertiary,no,831,no,no,cellular,30,mar,1081,2,-1,0,unknown,yes
49,admin.,married,secondary,no,182,yes,no,cellular,2,apr,303,1,331,2,failure,no
57,management,married,tertiary,no,1631,yes,no,cellular,2,apr,254,2,261,3,failure,no
54,entrepreneur,single,tertiary,no,5417,yes,no,cellular,3,apr,376,1,-1,0,unknown,no
32,management,divorced,tertiary,no,530,yes,no,cellular,3,apr,170,1,-1,0,unknown,no
39,blue-collar,married,secondary,no,1756,yes,no,cellular,3,apr,939,1,-1,0,unknown,yes
33,admin.,married,tertiary,no,1636,yes,yes,cellular,3,apr,105,1,136,1,failure,no
40,management,married,tertiary,no,285,yes,no,cellular,6,apr,322,1,265,3,success,no
46,blue-collar,single,tertiary,no,283,no,no,cellular,7,apr,299,1,-1,0,unknown,yes
25,admin.,single,secondary,no,654,no,no,cellular,8,apr,216,1,-1,0,unknown,no
25,admin.,single,tertiary,no,1420,no,no,cellular,8,apr,124,2,-1,0,unknown,no
42,technician,married,unknown,no,254,yes,no,cellular,9,apr,241,1,336,1,failure,no
53,admin.,single,secondary,no,2892,no,no,cellular,9,apr,527,3,-1,0,unknown,yes
36,management,married,tertiary,no,1198,yes,no,cellular,9,apr,278,3,-1,0,unknown,no
31,admin.,single,secondary,no,3323,yes,no,cellular,9,apr,337,2,-1,0,unknown,no
32,blue-collar,married,secondary,no,180,yes,no,cellular,14,apr,179,1,334,1,other,no
53,self-employed,divorced,secondary,no,8112,yes,yes,cellular,15,apr,75,1,146,1,failure,no
42,technician,divorced,secondary,no,2189,no,no,cellular,16,apr,67,5,149,2,other,no
29,admin.,married,secondary,no,2121,no,no,cellular,16,apr,281,1,342,2,other,no
31,admin.,married,secondary,no,297,yes,no,cellular,16,apr,357,2,-1,0,unknown,no
35,management,married,tertiary,no,1473,yes,yes,cellular,16,apr,176,3,-1,0,unknown,no
39,admin.,married,secondary,no,-367,yes,no,cellular,16,apr,667,2,-1,0,unknown,no
43,blue-collar,married,primary,no,601,yes,no,cellular,16,apr,792,2,-1,0,unknown,no
33,technician,married,tertiary,no,67,yes,no,cellular,16,apr,137,2,-1,0,unknown,no
35,admin.,married,secondary,no,160,yes,yes,cellular,16,apr,304,1,-1,0,unknown,no
48,management,single,tertiary,no,191,yes,no,cellular,17,apr,222,1,326,1,failure,no
54,blue-collar,married,primary,no,1895,yes,no,cellular,17,apr,345,1,-1,0,unknown,no
38,management,single,tertiary,no,35,yes,no,cellular,17,apr,156,1,273,3,failure,no
31,services,married,secondary,no,-163,yes,no,cellular,17,apr,135,1,270,2,failure,no
55,management,married,tertiary,no,505,yes,no,cellular,17,apr,58,1,316,1,other,no
39,admin.,single,secondary,no,1413,yes,no,cellular,17,apr,396,1,-1,0,unknown,no
52,retired,married,primary,no,383,yes,yes,cellular,17,apr,299,2,-1,0,unknown,no
22,blue-collar,single,secondary,no,-7,yes,no,cellular,17,apr,84,1,343,1,other,no
46,blue-collar,married,secondary,no,229,yes,no,cellular,17,apr,191,1,-1,0,unknown,no
35,management,single,tertiary,no,397,yes,no,cellular,17,apr,594,1,-1,0,unknown,yes
33,management,married,tertiary,no,3669,yes,no,cellular,17,apr,370,1,-1,0,unknown,no
37,blue-collar,married,primary,no,3977,yes,no,cellular,17,apr,264,1,-1,0,unknown,no
35,admin.,married,secondary,no,430,yes,no,cellular,17,apr,611,1,270,4,failure,no
52,admin.,divorced,secondary,no,340,yes,no,cellular,17,apr,463,1,344,1,failure,no
45,technician,married,secondary,no,396,yes,no,cellular,17,apr,266,4,-1,0,unknown,no
51,blue-collar,married,primary,no,1126,yes,no,cellular,17,apr,326,3,-1,0,unknown,no
29,blue-collar,married,secondary,no,297,yes,no,cellular,17,apr,240,2,-1,0,unknown,no
31,admin.,single,secondary,no,0,no,no,cellular,17,apr,188,3,-1,0,unknown,yes
49,blue-collar,married,secondary,no,2159,no,no,cellular,17,apr,771,1,-1,0,unknown,no
28,blue-collar,single,secondary,no,1106,yes,no,cellular,17,apr,73,2,-1,0,unknown,no
31,services,single,secondary,no,603,yes,yes,cellular,17,apr,185,2,319,2,failure,no
27,unemployed,married,secondary,no,724,yes,yes,cellular,17,apr,200,3,-1,0,unknown,no
35,management,single,tertiary,no,620,yes,no,cellular,17,apr,57,2,-1,0,unknown,no
59,management,married,tertiary,no,82,yes,no,cellular,17,apr,324,4,-1,0,unknown,no
35,management,married,tertiary,no,1473,yes,no,cellular,20,apr,17,6,322,4,other,no
58,retired,married,primary,no,745,yes,no,cellular,20,apr,23,1,-1,0,unknown,no
46,management,married,primary,no,3229,yes,no,cellular,20,apr,1550,1,-1,0,unknown,yes
29,admin.,married,secondary,no,1489,yes,no,cellular,20,apr,399,1,-1,0,unknown,no
35,technician,single,tertiary,no,1924,yes,no,cellular,20,apr,285,1,-1,0,unknown,no
34,blue-collar,married,primary,no,1217,yes,no,cellular,20,apr,142,2,328,3,failure,no
51,self-employed,married,secondary,no,383,yes,no,cellular,20,apr,164,1,-1,0,unknown,no
20,student,single,unknown,no,330,no,no,cellular,20,apr,159,2,-1,0,unknown,no
35,blue-collar,married,secondary,no,876,yes,no,cellular,20,apr,318,1,-1,0,unknown,no
28,management,single,secondary,no,967,yes,no,cellular,20,apr,174,1,334,1,failure,no
69,retired,married,tertiary,no,473,no,no,cellular,20,apr,333,1,-1,0,unknown,no
42,technician,married,secondary,no,334,yes,no,cellular,20,apr,18,5,335,9,other,no
37,technician,single,secondary,no,442,yes,no,cellular,20,apr,51,4,349,1,other,no
32,management,single,tertiary,no,0,yes,no,cellular,20,apr,415,2,-1,0,unknown,no
54,blue-collar,married,primary,no,489,yes,yes,cellular,20,apr,280,4,287,3,other,no
51,management,married,secondary,no,563,yes,no,cellular,20,apr,23,6,-1,0,unknown,no
48,admin.,divorced,secondary,no,4,yes,no,cellular,20,apr,7,5,318,10,other,no
45,technician,married,primary,no,-63,yes,no,cellular,20,apr,847,5,-1,0,unknown,no
52,admin.,married,secondary,no,0,no,no,cellular,22,apr,91,2,275,1,failure,no
32,management,single,tertiary,no,2069,no,no,cellular,22,apr,545,1,-1,0,unknown,yes
81,retired,married,primary,no,122,no,no,telephone,23,apr,201,1,-1,0,unknown,no
67,retired,single,tertiary,no,3377,no,no,telephone,23,apr,77,2,-1,0,unknown,no
35,technician,single,secondary,no,183,no,no,cellular,24,apr,78,2,-1,0,unknown,no
53,admin.,divorced,tertiary,no,122,no,no,cellular,27,apr,98,1,-1,0,unknown,no
55,services,married,secondary,no,1989,no,no,cellular,28,apr,139,2,-1,0,unknown,no
27,admin.,single,tertiary,no,662,no,no,cellular,30,apr,47,1,-1,0,unknown,no
28,student,single,secondary,no,20,no,no,telephone,30,apr,455,2,-1,0,unknown,no
33,admin.,married,secondary,no,1737,no,no,cellular,30,apr,524,2,-1,0,unknown,no
31,management,married,tertiary,no,1812,no,no,cellular,30,apr,461,1,-1,0,unknown,yes
31,management,single,tertiary,no,2016,no,no,cellular,30,apr,209,1,-1,0,unknown,yes
36,self-employed,single,tertiary,no,351,no,no,cellular,30,apr,78,1,84,1,failure,no
24,student,single,primary,no,474,no,no,cellular,30,apr,551,1,-1,0,unknown,yes
27,blue-collar,single,primary,no,3342,yes,no,cellular,30,apr,761,2,330,4,failure,no
39,housemaid,married,tertiary,no,2990,no,no,telephone,30,apr,127,4,-1,0,unknown,no
33,blue-collar,single,tertiary,no,700,no,no,cellular,30,apr,169,1,80,2,success,yes
48,management,married,secondary,no,36686,no,no,cellular,30,apr,295,1,-1,0,unknown,no
34,technician,single,tertiary,no,992,yes,no,cellular,4,may,301,1,88,2,success,no
42,admin.,single,secondary,no,1451,yes,no,cellular,4,may,251,4,-1,0,unknown,yes
45,services,married,tertiary,no,4958,no,no,cellular,4,may,212,4,-1,0,unknown,no
28,blue-collar,married,primary,no,-65,yes,no,cellular,4,may,90,4,-1,0,unknown,no
30,self-employed,married,tertiary,no,2666,no,no,cellular,4,may,781,3,89,1,success,yes
32,blue-collar,divorced,secondary,no,3027,no,no,cellular,5,may,171,2,-1,0,unknown,no
30,admin.,divorced,secondary,no,1320,yes,yes,cellular,5,may,122,3,362,1,failure,no
46,technician,married,tertiary,no,-582,yes,no,cellular,5,may,245,4,354,9,other,no
51,blue-collar,divorced,secondary,no,734,yes,yes,cellular,5,may,17,1,-1,0,unknown,no
53,entrepreneur,divorced,tertiary,no,321,yes,no,cellular,5,may,123,1,-1,0,unknown,no
45,admin.,married,secondary,no,46,yes,no,cellular,5,may,234,1,-1,0,unknown,no
32,management,single,tertiary,no,112,yes,no,cellular,5,may,118,1,-1,0,unknown,no
51,management,married,tertiary,no,630,yes,no,cellular,5,may,138,1,-1,0,unknown,no
47,services,single,secondary,no,33,yes,no,cellular,5,may,298,1,-1,0,unknown,no
25,admin.,single,tertiary,no,1141,yes,no,cellular,5,may,718,1,347,1,failure,no
35,management,single,unknown,no,121,yes,no,cellular,5,may,245,5,-1,0,unknown,no
50,blue-collar,married,secondary,no,716,yes,no,cellular,5,may,444,2,-1,0,unknown,no
30,management,single,tertiary,no,61,yes,no,telephone,5,may,36,7,165,5,other,no
23,admin.,single,secondary,no,589,yes,no,cellular,6,may,62,1,-1,0,unknown,no
51,management,married,tertiary,no,437,yes,no,cellular,6,may,109,1,-1,0,unknown,no
44,management,single,tertiary,no,3,yes,no,cellular,6,may,147,1,-1,0,unknown,no
52,services,divorced,secondary,no,238,yes,no,cellular,6,may,101,1,362,5,other,no
42,admin.,married,secondary,no,1455,yes,no,cellular,6,may,364,4,-1,0,unknown,no
46,blue-collar,married,primary,no,91,yes,no,cellular,6,may,29,1,356,2,failure,no
41,admin.,married,primary,no,0,yes,no,cellular,6,may,184,2,323,1,failure,no
31,blue-collar,single,unknown,yes,17,yes,no,cellular,6,may,72,1,-1,0,unknown,no
50,technician,divorced,secondary,no,636,yes,no,cellular,6,may,127,2,254,23,other,no
27,technician,single,secondary,no,2,yes,yes,cellular,6,may,554,2,356,1,failure,yes
37,blue-collar,single,primary,yes,21,no,no,cellular,6,may,231,2,-1,0,unknown,no
28,unemployed,single,tertiary,no,1010,yes,no,cellular,6,may,911,1,336,2,failure,no
54,blue-collar,married,primary,no,162,yes,no,cellular,6,may,184,1,-1,0,unknown,no
37,admin.,married,tertiary,no,828,yes,no,cellular,6,may,206,2,342,1,failure,no
36,blue-collar,married,unknown,no,-400,yes,yes,cellular,6,may,362,2,307,1,failure,no
29,services,divorced,secondary,no,92,yes,no,cellular,7,may,240,1,-1,0,unknown,no
29,admin.,single,secondary,no,-194,yes,no,cellular,7,may,127,1,-1,0,unknown,no
53,self-employed,married,tertiary,no,167,yes,no,cellular,7,may,84,1,343,1,other,no
33,blue-collar,single,secondary,no,381,yes,no,cellular,7,may,1957,1,-1,0,unknown,no
40,entrepreneur,married,tertiary,no,-164,no,no,cellular,7,may,87,1,-1,0,unknown,no
25,blue-collar,single,secondary,no,-392,yes,no,cellular,7,may,346,1,-1,0,unknown,no
39,technician,married,secondary,no,-475,yes,no,cellular,7,may,168,3,301,1,failure,no
48,blue-collar,married,secondary,yes,0,yes,yes,cellular,7,may,275,1,-1,0,unknown,no
55,services,married,secondary,no,0,no,no,cellular,7,may,110,1,-1,0,unknown,no
33,blue-collar,married,secondary,no,478,yes,no,cellular,7,may,349,1,338,1,failure,no
36,admin.,single,secondary,no,9,yes,no,cellular,7,may,473,2,-1,0,unknown,no
56,technician,married,secondary,no,264,yes,yes,cellular,7,may,639,2,280,5,success,no
33,admin.,married,secondary,no,543,yes,no,cellular,7,may,244,2,-1,0,unknown,no
32,admin.,married,secondary,no,203,yes,yes,cellular,7,may,219,2,-1,0,unknown,no
59,retired,married,secondary,no,417,yes,no,cellular,7,may,476,2,-1,0,unknown,no
33,blue-collar,married,secondary,no,1221,yes,no,cellular,7,may,127,6,-1,0,unknown,no
59,management,married,primary,no,0,yes,no,telephone,7,may,123,3,-1,0,unknown,no
26,technician,married,secondary,no,518,yes,no,cellular,7,may,189,3,-1,0,unknown,no
28,services,single,secondary,no,805,yes,no,cellular,7,may,148,5,336,7,other,no
34,unemployed,married,secondary,no,1243,yes,yes,cellular,8,may,157,4,-1,0,unknown,no
30,management,single,tertiary,no,277,yes,no,cellular,8,may,166,1,42,1,other,no
40,management,single,primary,no,259,yes,no,cellular,8,may,70,1,-1,0,unknown,no
40,management,married,tertiary,no,0,yes,no,cellular,8,may,232,1,-1,0,unknown,no
39,blue-collar,married,secondary,no,860,yes,no,cellular,8,may,312,1,-1,0,unknown,no
41,services,married,secondary,no,1717,yes,no,cellular,8,may,520,2,343,3,other,no
40,blue-collar,married,secondary,no,280,yes,no,cellular,8,may,435,2,340,3,failure,no
46,admin.,divorced,secondary,no,-637,yes,no,cellular,8,may,218,1,172,1,failure,no
33,admin.,divorced,tertiary,no,891,no,no,cellular,8,may,398,2,-1,0,unknown,yes
33,technician,married,tertiary,no,565,yes,no,cellular,8,may,77,2,-1,0,unknown,no
59,management,married,primary,no,0,yes,no,cellular,8,may,130,1,-1,0,unknown,no
43,blue-collar,married,secondary,no,490,yes,no,cellular,8,may,216,2,368,2,failure,no
40,services,married,primary,no,170,yes,yes,cellular,8,may,361,3,-1,0,unknown,no
36,technician,married,secondary,no,-355,yes,no,cellular,8,may,89,1,-1,0,unknown,no
39,blue-collar,married,secondary,no,-405,yes,no,cellular,8,may,177,1,-1,0,unknown,no
38,blue-collar,married,primary,no,1597,no,no,telephone,8,may,15,1,-1,0,unknown,no
35,management,divorced,tertiary,no,434,yes,no,cellular,11,may,277,1,271,2,success,no
29,blue-collar,married,secondary,no,228,yes,no,cellular,11,may,12,8,342,9,failure,no
37,services,married,secondary,no,217,yes,no,cellular,11,may,152,1,-1,0,unknown,no
55,management,married,tertiary,no,719,yes,no,telephone,11,may,221,6,284,29,other,no
44,services,divorced,secondary,no,0,yes,no,cellular,11,may,151,2,370,2,failure,no
44,management,married,tertiary,no,0,yes,no,cellular,11,may,78,2,264,3,failure,no
33,blue-collar,married,secondary,no,2366,yes,no,cellular,11,may,249,1,356,2,failure,no
58,management,single,tertiary,no,2,yes,no,telephone,11,may,168,3,-1,0,unknown,no
43,services,married,secondary,no,216,yes,yes,cellular,11,may,129,1,-1,0,unknown,no
34,admin.,single,secondary,no,395,yes,no,cellular,11,may,150,2,364,8,failure,no
53,blue-collar,married,primary,no,238,yes,no,cellular,11,may,238,2,361,5,failure,no
31,entrepreneur,married,secondary,no,162,yes,yes,cellular,11,may,0,2,-1,0,unknown,no
59,services,married,secondary,no,0,yes,no,cellular,12,may,214,3,-1,0,unknown,no
54,blue-collar,married,primary,no,0,yes,no,cellular,12,may,77,4,341,2,failure,no
46,admin.,married,secondary,no,1437,yes,no,cellular,12,may,49,1,-1,0,unknown,no
37,technician,married,tertiary,no,1733,yes,no,cellular,12,may,524,3,326,1,other,no
37,technician,single,tertiary,no,-487,yes,no,cellular,12,may,358,1,260,5,other,no
48,management,married,secondary,no,-440,yes,yes,cellular,12,may,399,1,-1,0,unknown,no
44,blue-collar,married,primary,no,103,yes,no,cellular,12,may,79,1,329,2,failure,no
51,blue-collar,married,primary,no,480,yes,no,cellular,12,may,189,1,326,5,failure,no
31,services,single,secondary,no,-475,yes,no,telephone,12,may,232,3,-1,0,unknown,no
40,admin.,married,secondary,no,3126,yes,no,cellular,12,may,200,2,-1,0,unknown,no
30,technician,single,secondary,no,249,no,no,cellular,12,may,406,1,-1,0,unknown,no
37,management,married,tertiary,no,1949,yes,no,cellular,12,may,328,2,-1,0,unknown,no
54,retired,married,primary,no,-58,no,no,cellular,12,may,143,4,-1,0,unknown,no
44,self-employed,single,tertiary,no,2734,yes,no,cellular,12,may,897,4,-1,0,unknown,yes
39,management,married,tertiary,no,1425,yes,no,cellular,12,may,775,3,-1,0,unknown,yes
52,retired,single,secondary,no,316,no,no,cellular,12,may,463,3,-1,0,unknown,no
40,admin.,married,primary,no,129,yes,no,cellular,12,may,464,3,-1,0,unknown,no
31,management,single,tertiary,no,2592,no,no,cellular,12,may,349,2,174,1,failure,no
58,blue-collar,single,primary,no,26,yes,no,cellular,12,may,600,4,-1,0,unknown,no
50,housemaid,married,secondary,no,3016,yes,no,telephone,13,may,65,5,-1,0,unknown,no
42,services,married,secondary,no,-141,yes,yes,cellular,13,may,211,3,345,3,failure,no
35,blue-collar,married,secondary,no,625,no,no,cellular,13,may,267,1,-1,0,unknown,no
39,blue-collar,married,primary,no,157,yes,no,cellular,13,may,290,1,-1,0,unknown,no
46,services,married,primary,no,437,yes,no,cellular,13,may,546,3,-1,0,unknown,yes
32,blue-collar,single,secondary,no,2137,no,no,cellular,13,may,423,1,349,1,failure,no
43,management,divorced,tertiary,no,497,no,no,cellular,13,may,66,1,363,22,failure,no
28,technician,single,tertiary,no,1026,yes,no,cellular,13,may,101,3,-1,0,unknown,no
23,services,single,secondary,no,292,yes,no,cellular,13,may,437,2,-1,0,unknown,no
59,services,married,secondary,no,2965,yes,no,cellular,13,may,1970,3,-1,0,unknown,yes
39,blue-collar,married,primary,no,640,yes,no,cellular,13,may,220,4,370,2,other,no
35,services,single,secondary,no,0,yes,no,cellular,13,may,419,2,-1,0,unknown,no
36,blue-collar,married,secondary,no,330,yes,no,cellular,13,may,777,2,-1,0,unknown,no
46,management,married,tertiary,no,1103,yes,no,cellular,13,may,185,2,278,3,failure,no
41,services,divorced,secondary,no,654,yes,no,cellular,13,may,139,2,-1,0,unknown,no
35,services,divorced,secondary,no,78,yes,no,telephone,13,may,630,3,371,3,failure,no
27,student,single,secondary,no,89,yes,no,cellular,14,may,68,3,-1,0,unknown,no
48,blue-collar,divorced,secondary,no,2071,no,no,cellular,14,may,127,1,-1,0,unknown,no
36,management,married,tertiary,no,532,yes,no,cellular,14,may,603,1,-1,0,unknown,no
37,admin.,divorced,secondary,no,0,yes,yes,cellular,14,may,17,7,-1,0,unknown,no
37,admin.,single,secondary,no,9,yes,no,cellular,14,may,165,1,-1,0,unknown,no
35,admin.,married,secondary,no,3863,yes,no,cellular,14,may,125,1,175,1,failure,no
29,management,single,tertiary,no,21,yes,no,cellular,14,may,107,4,371,3,failure,no
35,blue-collar,married,primary,no,113,yes,no,cellular,14,may,318,3,-1,0,unknown,no
30,blue-collar,married,secondary,no,-97,yes,yes,cellular,14,may,255,1,356,1,other,no
31,management,married,tertiary,no,0,yes,no,cellular,14,may,215,1,-1,0,unknown,no
33,technician,single,secondary,no,716,yes,no,cellular,14,may,234,2,-1,0,unknown,no
54,blue-collar,married,primary,no,316,yes,no,cellular,14,may,240,1,-1,0,unknown,no
56,blue-collar,married,secondary,no,-256,yes,yes,cellular,14,may,92,1,370,2,failure,no
36,services,single,secondary,no,-267,yes,no,cellular,14,may,99,7,352,1,failure,no
37,services,single,secondary,no,887,no,no,cellular,14,may,553,2,-1,0,unknown,no
33,blue-collar,single,primary,no,405,yes,no,cellular,14,may,99,4,353,1,failure,no
43,blue-collar,married,primary,no,991,yes,no,cellular,14,may,111,2,-1,0,unknown,no
29,blue-collar,married,secondary,no,64,yes,no,cellular,14,may,444,2,366,3,failure,no
50,admin.,divorced,secondary,no,124,yes,yes,cellular,14,may,367,2,289,19,failure,no
46,admin.,married,secondary,no,196,yes,no,telephone,14,may,29,2,-1,0,unknown,no
42,services,married,secondary,no,-166,no,no,cellular,14,may,337,4,-1,0,unknown,no
39,technician,single,secondary,no,-143,yes,no,cellular,14,may,93,2,349,7,failure,no
54,blue-collar,married,secondary,no,-135,yes,no,cellular,14,may,152,3,370,2,failure,no
40,self-employed,married,tertiary,no,252,yes,no,cellular,15,may,103,6,-1,0,unknown,no
40,admin.,single,secondary,no,60,yes,no,cellular,15,may,460,3,352,6,other,no
28,services,married,secondary,no,511,yes,no,cellular,15,may,274,1,319,5,failure,no
44,blue-collar,single,primary,no,36,yes,no,cellular,15,may,551,1,371,2,failure,yes
57,management,married,tertiary,no,334,yes,no,cellular,15,may,169,2,365,2,failure,no
60,admin.,divorced,secondary,no,174,yes,no,cellular,15,may,241,1,364,1,failure,no
28,admin.,single,secondary,no,7,yes,no,cellular,15,may,87,1,-1,0,unknown,no
31,blue-collar,single,secondary,no,39,yes,no,cellular,15,may,123,5,-1,0,unknown,no
34,blue-collar,single,primary,no,4260,yes,no,cellular,15,may,375,1,-1,0,unknown,no
27,services,single,secondary,no,353,yes,no,cellular,15,may,663,1,-1,0,unknown,yes
28,services,single,secondary,no,341,yes,no,cellular,15,may,437,3,347,3,other,yes
32,services,married,secondary,no,3268,no,no,cellular,15,may,147,1,-1,0,unknown,no
32,management,married,secondary,no,134,yes,yes,cellular,15,may,532,3,-1,0,unknown,yes
39,admin.,divorced,secondary,no,878,yes,no,cellular,15,may,611,5,-1,0,unknown,yes
29,technician,single,tertiary,no,940,yes,no,cellular,15,may,757,1,330,1,failure,no
44,services,divorced,secondary,no,-2,yes,no,cellular,15,may,152,5,-1,0,unknown,no
33,admin.,married,secondary,no,1293,yes,no,cellular,15,may,245,9,373,2,failure,no
31,technician,married,tertiary,no,165,no,no,cellular,15,may,218,4,-1,0,unknown,no
57,retired,married,secondary,yes,32,yes,no,cellular,15,may,476,3,-1,0,unknown,no
44,blue-collar,single,primary,no,-234,yes,yes,cellular,15,may,71,3,347,1,failure,no
30,admin.,single,secondary,no,127,yes,no,cellular,18,may,16,6,368,1,other,no
32,technician,single,secondary,no,483,yes,yes,cellular,18,may,35,6,-1,0,unknown,no
32,services,single,secondary,no,545,yes,no,cellular,18,may,192,1,180,1,failure,no
30,admin.,single,secondary,no,1450,yes,no,cellular,18,may,298,1,355,1,failure,no
32,admin.,single,secondary,no,396,yes,no,cellular,18,may,88,1,364,1,failure,no
40,blue-collar,married,primary,no,2502,yes,no,cellular,18,may,205,1,-1,0,unknown,no
27,technician,married,secondary,no,876,yes,no,cellular,18,may,268,1,355,1,failure,no
30,blue-collar,single,secondary,no,3950,yes,no,telephone,18,may,152,4,370,3,other,no
33,management,divorced,tertiary,no,47,no,no,cellular,18,may,47,3,178,3,failure,no
32,blue-collar,married,secondary,no,-667,yes,no,cellular,18,may,152,7,349,1,other,no
24,services,married,secondary,no,1354,yes,yes,cellular,18,may,239,2,-1,0,unknown,no
39,blue-collar,divorced,unknown,no,463,yes,no,cellular,18,may,169,1,-1,0,unknown,no
47,blue-collar,married,primary,no,2269,yes,no,cellular,18,may,132,1,279,2,failure,no
24,admin.,single,secondary,no,3505,yes,no,cellular,18,may,317,1,355,1,other,no
24,blue-collar,single,secondary,no,-287,yes,no,cellular,18,may,504,1,-1,0,unknown,no
36,technician,single,secondary,no,23,yes,no,cellular,18,may,69,2,333,2,failure,no
27,unemployed,single,secondary,no,259,yes,no,cellular,18,may,12,2,-1,0,unknown,no
29,blue-collar,married,secondary,no,1958,yes,no,cellular,18,may,112,4,349,1,failure,no
31,admin.,single,secondary,no,-422,yes,no,cellular,18,may,64,2,329,15,other,no
32,self-employed,single,secondary,no,518,yes,no,cellular,18,may,34,7,-1,0,unknown,no
30,blue-collar,single,secondary,no,1837,yes,no,cellular,18,may,109,2,-1,0,unknown,no
20,blue-collar,single,secondary,no,76,yes,no,cellular,18,may,639,2,-1,0,unknown,yes
32,services,single,secondary,no,3993,no,no,cellular,22,may,148,2,-1,0,unknown,yes
32,technician,single,secondary,no,2979,no,no,cellular,25,may,156,1,-1,0,unknown,no
34,admin.,married,secondary,no,75,yes,yes,cellular,25,may,111,1,-1,0,unknown,no
50,admin.,married,tertiary,no,843,no,yes,cellular,27,may,71,3,-1,0,unknown,no
26,student,single,secondary,no,0,no,no,cellular,27,may,107,2,-1,0,unknown,no
46,management,married,tertiary,no,2199,no,no,telephone,27,may,146,1,-1,0,unknown,no
57,management,married,tertiary,no,473,no,no,cellular,1,jun,295,1,-1,0,unknown,yes
25,unemployed,single,tertiary,no,343,no,no,cellular,1,jun,377,1,-1,0,unknown,yes
38,unemployed,single,secondary,no,804,no,no,cellular,1,jun,1087,1,-1,0,unknown,yes
52,management,married,tertiary,no,0,no,no,cellular,2,jun,77,3,-1,0,unknown,no
41,blue-collar,married,secondary,no,140,yes,no,cellular,3,jun,96,1,125,2,failure,no
38,technician,married,tertiary,no,34,no,yes,cellular,3,jun,88,1,-1,0,unknown,no
46,housemaid,married,tertiary,no,184,no,no,cellular,3,jun,167,1,-1,0,unknown,no
27,services,single,secondary,no,339,no,no,cellular,4,jun,182,1,-1,0,unknown,yes
30,management,single,tertiary,no,3384,no,no,cellular,4,jun,578,2,-1,0,unknown,yes
60,unknown,married,unknown,no,5003,no,no,telephone,4,jun,125,5,-1,0,unknown,no
22,blue-collar,single,secondary,no,682,no,no,cellular,5,jun,126,2,91,1,success,yes
36,admin.,divorced,tertiary,no,4708,no,no,cellular,15,jun,104,1,-1,0,unknown,no
22,student,single,tertiary,no,1161,no,yes,cellular,16,jun,119,1,-1,0,unknown,no
27,services,single,secondary,no,246,no,no,cellular,17,jun,453,2,-1,0,unknown,yes
41,unknown,single,tertiary,no,1567,no,no,cellular,1,jul,291,2,-1,0,unknown,no
59,management,married,tertiary,no,281,no,no,cellular,8,jul,430,2,-1,0,unknown,no
61,unknown,single,primary,no,50,no,no,telephone,21,jul,465,6,-1,0,unknown,no
47,management,married,tertiary,no,699,no,no,cellular,5,aug,432,3,97,2,success,no
36,management,married,tertiary,no,495,no,no,cellular,5,aug,157,3,97,2,success,yes
29,management,single,tertiary,no,74,no,no,cellular,6,aug,174,1,-1,0,unknown,no
74,retired,married,unknown,no,7819,no,no,cellular,6,aug,165,3,-1,0,unknown,no
66,retired,married,tertiary,no,3,no,no,cellular,6,aug,550,1,-1,0,unknown,yes
44,admin.,single,secondary,no,1534,no,no,cellular,7,aug,166,1,99,2,other,yes
73,retired,divorced,secondary,no,1092,no,no,cellular,7,aug,390,2,-1,0,unknown,no
42,technician,single,unknown,no,11115,no,no,cellular,10,aug,187,1,102,1,success,yes
22,student,single,unknown,no,1215,no,no,cellular,11,aug,154,1,-1,0,unknown,no
53,blue-collar,divorced,primary,no,4401,no,no,telephone,11,aug,254,1,-1,0,unknown,yes
33,admin.,divorced,secondary,no,661,yes,no,cellular,11,aug,108,1,99,7,failure,no
74,retired,married,tertiary,no,20422,no,no,cellular,12,aug,90,2,-1,0,unknown,no
34,management,single,tertiary,no,48,yes,no,cellular,12,aug,810,3,93,6,failure,yes
64,retired,married,secondary,no,1370,no,no,cellular,12,aug,174,1,-1,0,unknown,no
35,services,married,unknown,no,618,no,no,cellular,12,aug,293,1,104,1,success,yes
34,management,single,tertiary,no,1228,no,no,cellular,13,aug,99,2,105,10,success,no
37,management,married,tertiary,no,332,yes,no,cellular,14,aug,190,2,84,7,failure,no
55,retired,married,primary,no,16432,no,no,cellular,14,aug,482,2,-1,0,unknown,no
35,management,single,tertiary,no,7218,no,no,cellular,14,aug,224,3,-1,0,unknown,no
25,self-employed,single,unknown,no,1179,no,no,cellular,17,aug,43,1,83,2,failure,no
39,management,single,tertiary,no,763,no,no,cellular,17,aug,192,1,-1,0,unknown,no
43,admin.,married,secondary,no,132,no,no,cellular,19,aug,574,1,84,3,success,yes
25,entrepreneur,single,tertiary,no,347,no,no,cellular,20,aug,267,1,-1,0,unknown,yes
34,self-employed,single,tertiary,no,9962,no,no,cellular,20,aug,474,1,-1,0,unknown,yes
28,student,single,secondary,no,1925,no,no,cellular,20,aug,147,1,90,1,failure,no
47,management,married,tertiary,no,0,no,yes,cellular,21,aug,374,1,-1,0,unknown,yes
48,housemaid,married,tertiary,no,5473,no,no,cellular,24,aug,232,2,-1,0,unknown,yes
39,technician,divorced,secondary,no,385,no,no,cellular,26,aug,143,1,93,1,failure,no
26,student,single,tertiary,no,97,no,no,cellular,27,aug,382,1,-1,0,unknown,no
28,admin.,single,secondary,no,27,no,no,cellular,27,aug,294,1,-1,0,unknown,no
62,unemployed,married,secondary,no,780,no,no,cellular,28,aug,162,2,-1,0,unknown,yes
34,technician,single,secondary,no,2583,no,no,cellular,28,aug,64,1,95,2,failure,no
38,technician,single,tertiary,no,0,no,no,cellular,28,aug,247,2,-1,0,unknown,no
73,retired,married,secondary,no,250,no,no,telephone,31,aug,245,4,-1,0,unknown,no
28,management,single,secondary,no,1633,no,no,cellular,8,sep,233,1,95,1,success,no
30,blue-collar,single,secondary,no,161,no,yes,telephone,8,sep,298,3,-1,0,unknown,yes
50,blue-collar,married,primary,no,3764,no,no,telephone,9,sep,214,2,99,4,failure,yes
61,retired,married,secondary,no,5207,no,no,cellular,11,sep,336,1,81,2,other,no
20,student,single,unknown,no,479,no,no,cellular,11,sep,158,2,-1,0,unknown,no
25,management,single,tertiary,no,808,no,no,cellular,18,sep,267,2,114,2,failure,yes
65,retired,married,secondary,no,1176,no,no,cellular,25,sep,64,1,50,2,failure,no
57,management,married,unknown,no,0,no,no,cellular,30,sep,585,1,-1,0,unknown,no
39,admin.,married,secondary,no,26233,no,no,cellular,2,oct,462,1,-1,0,unknown,no
26,self-employed,single,tertiary,no,993,no,no,cellular,8,oct,152,1,-1,0,unknown,no
58,retired,married,primary,no,565,no,no,telephone,8,oct,153,1,93,1,success,yes
67,retired,married,primary,no,1430,no,no,telephone,12,oct,88,3,-1,0,unknown,no
55,entrepreneur,divorced,secondary,no,538,yes,no,cellular,13,oct,306,1,67,2,success,no
46,management,married,tertiary,no,37378,yes,no,cellular,14,oct,146,1,518,1,failure,no
27,management,married,tertiary,no,893,no,no,cellular,16,oct,154,2,-1,0,unknown,yes
62,blue-collar,married,primary,no,1381,no,no,cellular,19,oct,1020,1,-1,0,unknown,no
43,technician,married,secondary,no,69,yes,yes,cellular,20,oct,304,1,337,1,failure,no
64,retired,married,secondary,no,4787,no,no,cellular,28,oct,501,1,-1,0,unknown,yes
50,management,married,tertiary,no,112,yes,no,cellular,4,nov,70,5,85,5,other,no
33,management,married,tertiary,no,22867,yes,no,cellular,10,nov,266,2,92,3,failure,yes
77,retired,divorced,secondary,no,3417,no,no,cellular,12,nov,134,1,-1,0,unknown,yes
58,services,divorced,secondary,no,462,no,no,cellular,13,nov,495,1,93,1,success,yes
41,unemployed,divorced,primary,no,487,no,no,cellular,16,nov,163,1,200,1,failure,no
33,self-employed,married,tertiary,no,263,no,no,cellular,16,nov,79,4,94,3,failure,no
55,technician,divorced,tertiary,no,0,no,no,cellular,17,nov,134,2,91,1,success,yes
70,retired,married,primary,no,3230,no,no,cellular,24,nov,112,1,-1,0,unknown,no
36,admin.,married,tertiary,no,0,no,no,cellular,25,nov,106,1,205,2,other,no
51,technician,married,tertiary,no,2506,no,no,cellular,30,nov,210,3,-1,0,unknown,no
72,retired,married,unknown,no,1940,no,no,telephone,4,dec,705,2,-1,0,unknown,yes
35,management,married,tertiary,no,3402,no,no,cellular,14,dec,269,1,194,2,failure,no
50,management,married,tertiary,no,5108,yes,no,cellular,18,dec,406,1,182,2,failure,yes
49,housemaid,married,secondary,no,3570,no,no,cellular,24,dec,62,3,202,2,failure,no
23,services,single,secondary,no,870,no,no,cellular,29,dec,296,1,176,4,success,yes
38,blue-collar,married,secondary,no,863,no,no,unknown,6,jan,78,1,-1,0,unknown,no
27,services,single,secondary,no,302,no,no,cellular,8,jan,151,1,189,1,success,no
29,services,single,secondary,no,102,no,no,cellular,11,jan,111,1,210,4,failure,no
28,unemployed,married,secondary,no,687,no,no,cellular,13,jan,113,3,33,2,other,no
35,services,single,secondary,no,3816,no,no,cellular,13,jan,331,2,195,1,other,no
48,services,married,secondary,no,517,no,no,cellular,14,jan,273,1,-1,0,unknown,no
26,admin.,single,secondary,no,1099,no,no,cellular,15,jan,99,2,225,13,other,no
35,blue-collar,single,tertiary,no,1830,no,no,cellular,15,jan,78,4,93,2,failure,no
47,blue-collar,married,secondary,no,820,no,no,cellular,18,jan,262,1,91,1,success,yes
69,retired,divorced,secondary,no,4572,no,no,cellular,27,jan,185,2,92,3,success,no
44,technician,married,secondary,no,2776,yes,no,cellular,27,jan,701,1,-1,0,unknown,yes
43,self-employed,married,tertiary,no,2501,no,no,cellular,29,jan,153,4,-1,0,unknown,no
80,retired,married,secondary,no,2354,no,no,telephone,4,feb,739,1,181,2,failure,yes
34,management,single,tertiary,no,382,no,no,cellular,5,feb,148,1,94,1,failure,no
76,retired,married,secondary,no,2302,no,no,telephone,5,feb,110,1,87,2,failure,no
36,management,divorced,tertiary,no,1057,no,no,cellular,5,feb,383,2,-1,0,unknown,no
35,management,married,tertiary,no,62,no,no,cellular,8,feb,469,2,185,2,failure,yes
36,management,married,tertiary,no,1257,no,no,cellular,8,feb,108,9,101,1,other,no
18,student,single,unknown,no,108,no,no,cellular,9,feb,92,1,183,1,success,yes
65,entrepreneur,married,tertiary,no,2331,no,no,telephone,9,feb,290,1,92,1,success,yes
39,technician,divorced,secondary,no,902,yes,no,cellular,10,feb,691,2,180,5,failure,yes
46,management,married,tertiary,no,349,no,no,cellular,15,feb,295,2,616,1,failure,yes
49,services,married,primary,no,1830,yes,no,cellular,15,feb,136,1,-1,0,unknown,yes
47,unemployed,single,tertiary,no,44,no,no,cellular,15,feb,374,1,185,1,success,no
66,retired,married,secondary,no,2326,no,yes,cellular,18,feb,232,1,181,1,success,yes
64,retired,married,primary,no,1977,no,no,cellular,24,feb,160,2,-1,0,unknown,no
63,technician,married,secondary,no,973,no,no,cellular,25,feb,318,1,388,1,success,yes
71,retired,divorced,secondary,no,0,no,no,cellular,26,feb,771,1,171,1,success,yes
57,unemployed,divorced,secondary,no,79,yes,no,unknown,1,mar,60,1,592,2,failure,no
59,unemployed,married,secondary,no,957,no,no,cellular,8,mar,301,1,89,2,success,yes
27,management,single,tertiary,no,948,yes,no,cellular,12,mar,121,2,207,1,failure,no
42,management,married,tertiary,no,1205,no,no,telephone,15,mar,129,1,188,2,success,no
57,housemaid,married,primary,no,780,no,no,cellular,26,mar,94,2,-1,0,unknown,no
47,management,married,tertiary,no,288,no,no,cellular,31,mar,193,1,181,1,success,yes
73,retired,divorced,secondary,no,7111,yes,no,cellular,12,apr,284,1,182,1,success,no
36,management,married,tertiary,no,-115,yes,no,cellular,16,apr,297,4,182,2,other,yes
42,self-employed,married,secondary,no,1216,yes,no,cellular,23,apr,296,1,521,1,failure,yes
73,retired,married,primary,no,796,no,no,cellular,23,apr,888,1,182,3,success,yes
60,technician,married,secondary,no,2389,yes,yes,cellular,4,may,287,1,-1,0,unknown,no
32,admin.,married,tertiary,no,390,yes,yes,cellular,5,may,100,1,243,1,other,no
30,management,married,tertiary,no,451,no,no,cellular,5,may,173,1,274,3,failure,no
74,retired,married,secondary,no,935,no,no,cellular,5,may,226,1,99,2,failure,yes
43,self-employed,married,tertiary,no,10072,no,no,cellular,12,may,98,1,77,5,failure,no
48,blue-collar,married,secondary,no,1230,yes,no,cellular,13,may,328,2,182,3,success,yes
58,admin.,married,secondary,no,169,no,no,cellular,13,may,336,3,87,5,success,yes
50,admin.,married,secondary,no,3608,yes,no,cellular,14,may,196,8,182,4,success,yes
27,student,single,tertiary,no,39,no,no,cellular,17,may,379,1,258,10,other,yes
28,student,single,secondary,no,1925,no,no,cellular,25,may,252,1,88,4,failure,yes
52,management,married,tertiary,no,388,no,no,cellular,25,may,272,1,-1,0,unknown,yes
33,management,married,tertiary,no,1388,yes,no,cellular,31,may,158,1,202,3,failure,no
36,technician,married,secondary,no,1368,no,no,cellular,1,jun,516,1,292,5,failure,yes
70,retired,married,primary,no,2346,no,no,cellular,1,jun,421,1,97,6,success,no
51,management,married,tertiary,no,176,yes,yes,unknown,1,jun,8,1,687,2,failure,no
62,retired,married,primary,no,1742,no,no,cellular,14,jun,167,2,98,6,other,yes
28,management,single,tertiary,no,2725,no,no,cellular,16,jun,292,1,504,1,failure,yes
20,student,single,secondary,no,153,no,no,unknown,21,jun,100,1,-1,0,unknown,yes
34,self-employed,single,tertiary,no,0,yes,no,unknown,2,jul,48,1,422,1,success,no
39,management,divorced,tertiary,no,224,no,no,cellular,2,jul,194,2,88,1,success,yes
29,services,single,secondary,no,102,no,no,cellular,12,jul,154,1,182,5,failure,no
29,self-employed,single,tertiary,no,1579,no,no,cellular,13,jul,178,1,181,4,success,yes
70,retired,divorced,primary,no,482,no,no,telephone,14,jul,413,1,181,3,success,yes
64,retired,married,secondary,no,588,no,no,cellular,16,jul,574,1,179,3,success,yes
29,admin.,single,secondary,no,1277,no,no,cellular,20,jul,165,2,481,1,success,yes
45,technician,married,secondary,no,2776,yes,no,cellular,27,jul,287,2,181,1,success,yes
40,admin.,married,secondary,no,0,no,no,cellular,28,jul,496,2,182,11,success,yes
39,unemployed,married,primary,no,7005,yes,no,cellular,28,jul,429,2,184,3,success,yes
61,management,married,unknown,no,264,no,no,telephone,29,jul,270,1,178,1,success,yes
35,technician,single,secondary,no,1227,no,no,cellular,30,jul,1005,5,134,10,success,yes
93,retired,married,unknown,no,775,no,no,cellular,4,aug,476,2,13,9,success,yes
34,admin.,married,tertiary,no,79,yes,no,cellular,5,aug,203,1,92,5,success,yes
29,management,single,tertiary,no,437,no,no,cellular,5,aug,504,1,92,1,success,yes
57,technician,divorced,secondary,no,470,no,no,cellular,5,aug,480,3,-1,0,unknown,yes
60,housemaid,married,primary,no,182,no,no,cellular,9,aug,182,2,95,11,failure,no
56,technician,divorced,secondary,no,3450,no,no,cellular,10,aug,507,1,181,2,success,yes
34,technician,single,secondary,no,1313,no,no,cellular,12,aug,176,1,21,6,failure,no
45,services,divorced,primary,no,523,no,no,telephone,1,sep,380,4,371,4,other,no
88,retired,married,primary,no,648,no,no,telephone,3,sep,318,1,-1,0,unknown,no
49,admin.,single,tertiary,no,228,yes,no,cellular,3,sep,252,2,93,2,success,yes
34,unemployed,single,unknown,no,517,no,no,cellular,6,sep,791,3,-1,0,unknown,no
36,management,married,tertiary,no,2161,no,no,cellular,8,sep,708,2,183,5,success,yes
28,student,single,tertiary,no,5741,no,no,cellular,10,sep,1042,5,200,3,failure,yes
39,management,married,tertiary,no,562,no,no,cellular,13,sep,303,2,-1,0,unknown,no
30,management,single,tertiary,no,13774,no,no,cellular,14,sep,380,1,-1,0,unknown,no
60,retired,married,secondary,no,975,no,no,cellular,16,sep,303,1,792,1,failure,yes
67,retired,married,secondary,no,2048,no,no,cellular,16,sep,452,5,195,4,other,yes
58,technician,married,secondary,no,99,no,no,telephone,22,sep,396,2,-1,0,unknown,yes
72,retired,married,primary,no,4657,no,no,cellular,27,sep,132,4,94,16,other,no
39,technician,married,tertiary,no,386,no,no,cellular,29,sep,201,2,-1,0,unknown,no
61,retired,married,secondary,no,11,no,no,cellular,29,sep,232,1,92,3,success,yes
21,blue-collar,single,primary,no,-42,no,no,unknown,10,oct,5,1,-1,0,unknown,no
48,admin.,married,secondary,no,0,no,yes,cellular,11,oct,195,1,104,5,failure,no
35,blue-collar,divorced,unknown,no,172,no,no,unknown,11,oct,4,1,381,2,other,no
29,admin.,married,tertiary,no,167,yes,yes,cellular,13,oct,357,2,237,2,failure,no
36,blue-collar,single,tertiary,no,1830,no,no,cellular,14,oct,183,1,91,11,failure,no
60,retired,divorced,secondary,no,514,no,no,cellular,15,oct,187,2,213,10,success,yes
66,retired,married,secondary,no,3409,no,no,cellular,19,oct,133,3,160,3,failure,no
64,management,married,tertiary,no,5112,no,no,telephone,19,oct,898,7,137,11,other,yes
25,student,single,secondary,no,1868,no,no,cellular,26,oct,259,1,103,2,other,yes
65,management,married,unknown,no,2352,no,no,cellular,8,nov,354,3,188,13,success,no
70,retired,married,primary,no,324,no,no,cellular,15,nov,78,1,96,7,success,no
59,unknown,married,unknown,no,1500,no,no,cellular,16,nov,280,1,104,2,failure,no
